itens.id,itens.codigoVenda,itens.codigoIten,itens.quantidade,itens.produto,itens.valorUnidade,itens.valorTotal,itens.dataRegistro,itens.status,itens.data_check_iten,itens.obs
398,160402580510,90,10,Sapato c/ luva,8.9,89.0,2016-04-02 10:06:12,False,<NULL>, 
399,160402462710,840,2,Manta bordada - simples,44.9,89.8,2016-04-02 11:29:38,True,2016-04-02 12:11:05.363000, 
400,160402462710,120,2,"Kit Fralda, camiseta e cheirinho ",25.0,50.0,2016-04-02 11:29:46,True,2016-04-02 12:11:06.174000, 
401,160402462710,400,14,Kit camiseta 3 peças,23.0,322.0,2016-04-02 11:29:51,True,2016-04-02 12:11:08.099000, 
402,160402462710,310,4,Roupão de felpa ,32.5,130.0,2016-04-02 11:29:55,True,2016-04-02 12:11:30.240000,
403,160402462710,3006,5,Roupão Felpuce ,35.0,175.0,2016-04-02 11:30:13,True,2016-04-02 12:11:30.861000, 
404,160402462710,160,7,Toalha fralda c/ bico ,13.5,94.5,2016-04-02 11:30:23,True,2016-04-02 12:11:32.437000, 
405,160402462710,1110,5,Lençol de elástico c/ barra e fronha,40.0,200.0,2016-04-02 11:30:52,True,2016-04-02 12:11:32.685000, 
407,160402462710,1100,8,"Kit Vestido, Calcinha e Tiara ",30.0,240.0,2016-04-02 11:32:04,True,2016-04-02 12:11:34.457000, 
408,160402462710,270,15,Toalha fralda capuz,15.5,232.5,2016-04-02 11:32:56,True,2016-04-02 12:11:34.919000, 
409,160402462710,1120,12,Kit Body Mijao Sapato com luva,25.0,300.0,2016-04-02 11:33:24,True,2016-04-02 12:11:36.496000, 
410,160402462710,3007,12,"Kit Cueca, Camiseta, sapato tecido ",26.5,318.0,2016-04-02 11:34:18,True,2016-04-02 12:11:37.076000, 
411,160402462710,500,12,Kit Cheirinho c/ 04 peças,19.5,234.0,2016-04-02 11:34:46,True,2016-04-02 12:11:37.854000, 
412,160402462710,350,8,Kit Cheirinho de malha c/ 03 peças,15.6,124.8,2016-04-02 11:35:06,True,2016-04-02 12:11:38.334000, 
414,160402462710,630,15,Kit Pagão 03 peças ,20.0,300.0,2016-04-02 11:35:54,True,2016-04-02 12:11:39.014000, 
415,160402462710,330,6,Pano de prato 03 peças ,13.0,78.0,2016-04-02 11:37:08,True,2016-04-02 12:11:39.888000, 
416,160402462710,740,3,"Kit short, camiseta e Tiara ",22.5,67.5,2016-04-02 11:38:07,True,2016-04-02 12:11:40.622000, 
417,160402462710,1140,3,Blusa s/manga c/short,17.5,52.5,2016-04-02 11:38:17,True,2016-04-02 12:11:41.120000, 
418,160402462710,299,13,Kit Body c/colete e mijão ,25.0,325.0,2016-04-02 11:38:39,True,2016-04-02 12:11:42.021000, 
419,160402462710,1180,5,Camisa Masc. Short tecido,26.25,131.25,2016-04-02 11:39:04,True,2016-04-02 12:11:42.975000, 
420,160402462710,5063,13,Toalha capuz de Felpa ,20.0,260.0,2016-04-02 11:40:01,True,2016-04-02 12:11:44.910000, 
421,160402462710,1000,3,Cobertor Flanela,15.0,45.0,2016-04-02 11:40:36,True,2016-04-02 12:11:45.557000, 
422,160402462710,2236,10,Bory Ind. c/Barra de Tecido,16.5,165.0,2016-04-02 11:41:15,True,2016-04-02 12:11:46.208000, 
423,160402462710,240,9,Kit Pano de xixi 02 peças (malha),26.0,234.0,2016-04-02 11:42:00,True,2016-04-02 12:11:46.887000, 
424,160402462710,170,6,Kit Pano de xixi 03 peças,42.0,252.0,2016-04-02 11:42:37,True,2016-04-02 12:11:47.576000, 
425,160402462710,640,9,Kit Berço c/ fronha (malha),31.5,283.5,2016-04-02 11:43:12,True,2016-04-02 12:11:48.073000, 
426,160402462710,1200,13,Kit Calcinha de Malha 3 peças,18.9,245.7,2016-04-02 11:43:57,True,2016-04-02 12:11:48.743000, 
427,160402462710,300,8,Kit Fralda c/ 03 peças,21.0,168.0,2016-04-02 11:45:03,True,2016-04-02 12:11:49.355000, 
428,160402462710,3008,12,Kit Calcinha Camiseta e Sapatilha,27.9,334.8,2016-04-02 11:45:50,True,2016-04-02 12:11:49.951000, 
429,160402462710,2302,5,Short tecido c/ blusa de viés ,25.0,125.0,2016-04-02 11:46:37,True,2016-04-02 12:11:50.484000, 
430,160402462710,90,22,Sapato c/ luva,8.9,195.8,2016-04-02 11:47:07,True,2016-04-02 12:11:51.090000, 
431,160402462710,5122,10,Pijamas estampados,19.0,190.0,2016-04-02 11:48:09,True,2016-04-02 12:11:52.915000, 
432,160402462710,5117,10,Camiseta machão c/ short tec,23.0,230.0,2016-04-02 11:49:41,True,2016-04-02 12:11:53.419000, 
433,160402462710,5116,5,Sapatilha c/ Tiara,15.0,75.0,2016-04-02 11:50:13,True,2016-04-02 12:11:55.254000, 
434,160402462710,210,1,Kit Berço c/ vira e fronha c/ bico,40.0,40.0,2016-04-02 11:50:39,True,2016-04-02 12:11:55.902000, 
435,160402462710,630,1,Kit Pagão 03 peças ,20.0,20.0,2016-04-02 11:50:58,True,2016-04-02 12:11:58.678000, 
436,160402462710,5020,1,"Kit Manta Felpuce, body, mijão",79.5,79.5,2016-04-02 11:55:20,True,2016-04-02 12:12:02.917000, 
437,160402462710,5129,1,Babador indidual,9.0,9.0,2016-04-02 11:55:33,True,2016-04-02 12:12:03.830000, 
438,160402462710,5130,1,Cheirinho malha individual,6.0,6.0,2016-04-02 11:55:38,True,2016-04-02 12:12:04.588000, 
439,160402462710,5131,1,Frauda com barra individual,8.0,8.0,2016-04-02 11:55:44,True,2016-04-02 12:12:05.928000, 
442,160404151613,500,20,Kit Cheirinho c/ 04 peças,19.5,390.0,2016-04-04 13:17:20,False,<NULL>, 
443,160404151613,350,10,Kit Cheirinho de malha c/ 03 peças,15.6,156.0,2016-04-04 13:17:41,False,<NULL>, 
444,160404151613,400,25,Kit camiseta 3 peças,23.0,575.0,2016-04-04 13:17:56,True,2016-06-29 18:43:34.295000, 
445,160404151613,1200,25,Kit Calcinha de Malha 3 peças,18.9,472.5,2016-04-04 13:18:12,True,2016-06-29 18:43:35.061000, 
446,160404151613,1090,15,Kit calcinha c/ bico,27.6,414.0,2016-04-04 13:18:30,True,2016-06-29 18:43:36.036000, 
447,160404151613,1080,15,Mijão individual ,6.6,99.0,2016-04-04 13:18:46,False,<NULL>, 
449,160404151613,110,15,Kit Pagão completo ( conj. 03 peças e sapatinho ),30.0,450.0,2016-04-04 13:19:49,False,<NULL>, 
450,160406191015,400,10,Kit camiseta 3 peças,23.0,230.0,2016-04-06 15:10:47,False,<NULL>, 
451,160406191015,910,20,Shortinho individual ,6.9,138.0,2016-04-06 15:11:28,False,<NULL>, 
452,160406191015,1200,04,Kit Calcinha de Malha 3 peças,18.9,75.6,2016-04-06 15:12:02,False,<NULL>, 
453,160406191015,700,06,Kit calcinha e camiseta,17.4,104.4,2016-04-06 15:12:23,False,<NULL>, 
454,160406191015,930,3,Kit Cueca e Camiseta ,15.9,47.7,2016-04-06 15:13:19,False,<NULL>, 
455,160406191015,940,3,Kit Cuecas c/ 03 peças,15.0,45.0,2016-04-06 15:14:05,False,<NULL>, 
456,160406191015,350,13,Kit Cheirinho de malha c/ 03 peças,15.6,202.8,2016-04-06 15:14:31,False,<NULL>, 
457,160406191015,5118,07,Kit Cheirinho malha felpuce,16.0,112.0,2016-04-06 15:15:14,False,<NULL>, 
458,160406191015,90,58,Sapato c/ luva,8.9,516.2,2016-04-06 15:15:45,False,<NULL>, 
469,160409275211,5116,08,Sapatilha c/ Tiara,15.0,120.0,2016-04-09 11:52:54,False,<NULL>, 
470,160409275211,190,60,Luva individual ,3.0,180.0,2016-04-09 11:53:18,False,<NULL>, 
471,160409275211,200,12,Pano de xixi individual ,14.0,168.0,2016-04-09 11:53:52,False,<NULL>, 
472,160409275211,400,32,Kit camiseta 3 peças,23.0,736.0,2016-04-09 11:54:14,False,<NULL>, 
473,160409275211,940,07,Kit Cuecas c/ 03 peças,15.0,105.0,2016-04-09 11:54:25,False,<NULL>, 
474,160409275211,120,06,"Kit Fralda, camiseta e cheirinho ",25.0,150.0,2016-04-09 11:54:39,False,<NULL>, 
475,160409275211,500,12,Kit Cheirinho c/ 04 peças,19.5,234.0,2016-04-09 11:54:49,False,<NULL>, 
476,160409275211,3008,06,Kit Calcinha Camiseta e Sapatilha,27.9,167.4,2016-04-09 11:55:03,False,<NULL>, 
477,160409275211,2000,100,Camiseta lisa,6.0,600.0,2016-04-09 11:55:13,False,<NULL>, 
479,160409275211,3007,06,"Kit Cueca, Camiseta, sapato tecido ",26.5,159.0,2016-04-09 11:56:41,False,<NULL>, 
480,160413394613,3007,03,"Kit Cueca, Camiseta, sapato tecido ",26.5,79.5,2016-04-13 13:47:39,False,<NULL>, 
481,160413394613,500,06,Kit Cheirinho c/ 04 peças,19.5,117.0,2016-04-13 13:48:03,False,<NULL>, 
482,160413394613,170,6,Kit Pano de xixi 03 peças,42.0,252.0,2016-04-13 13:54:20,False,<NULL>, 
483,160413394613,1200,06,Kit Calcinha de Malha 3 peças,18.9,113.4,2016-04-13 14:17:13,False,<NULL>, 
484,160413394613,930,06,Kit Cueca e Camiseta ,15.9,95.4,2016-04-13 14:17:56,False,<NULL>, 
485,160413394613,1100,06,"Kit Vestido, Calcinha e Tiara ",30.0,180.0,2016-04-13 14:18:34,False,<NULL>, 
486,160413394613,240,06,Kit Pano de xixi 02 peças (malha),26.0,156.0,2016-04-13 14:18:59,False,<NULL>, 
487,160413394613,400,06,Kit camiseta 3 peças,23.0,138.0,2016-04-13 14:25:18,False,<NULL>, 
488,160413394613,110,06,Kit Pagão completo ( conj. 03 peças e sapatinho ),30.0,180.0,2016-04-13 14:26:42,False,<NULL>, 
489,160413394613,270,06,Toalha fralda capuz,15.5,93.0,2016-04-13 14:28:16,False,<NULL>, 
490,160413394613,300,06,Kit Fralda c/ 03 peças,21.0,126.0,2016-04-13 14:28:43,False,<NULL>, 
492,160413394613,2301,06,Bata com Sapatilha,37.8,226.8,2016-04-13 14:29:33,False,<NULL>, 
493,160413394613,299,06,Kit Body c/colete e mijão ,25.0,150.0,2016-04-13 14:30:28,False,<NULL>, 
494,160413394613,770,03,Kit calçinha malha c/ camiseta,15.0,45.0,2016-04-13 14:30:59,False,<NULL>, 
495,160413394613,930,03,Kit Cueca e Camiseta ,15.9,47.7,2016-04-13 14:31:26,False,<NULL>, 
496,160413394613,90,06,Sapato c/ luva,8.9,53.4,2016-04-13 14:46:56,False,<NULL>, 
497,160413394613,3008,03,Kit Calcinha Camiseta e Sapatilha,27.9,83.7,2016-04-13 14:49:47,False,<NULL>, 
498,160414302216,270,2,Toalha fralda capuz,15.5,31.0,2016-04-14 16:22:48,False,<NULL>, 
499,160414302216,90,3,Sapato c/ luva,8.9,26.7,2016-04-14 16:23:00,False,<NULL>, 
501,160417315311,90,1,Sapato c/ luva,8.9,8.9,2016-04-17 11:54:53,False,<NULL>, 
502,160418155506,400,24,Kit camiseta 3 peças,23.0,552.0,2016-04-18 06:55:29,False,<NULL>, 
503,160418155506,910,48,Shortinho individual ,6.9,331.2,2016-04-18 06:55:43,False,<NULL>, 
504,160418155506,2000,96,Camiseta lisa,6.0,576.0,2016-04-18 06:55:53,False,<NULL>, 
505,160418155506,90,36,Sapato c/ luva,8.9,320.4,2016-04-18 06:56:24,False,<NULL>, 
506,160418160309,80,40,Pano de xixi individual (malha),13.0,520.0,2016-04-18 09:03:45,False,<NULL>, 
507,160418160309,200,35,Pano de xixi individual ,14.0,490.0,2016-04-18 09:03:56,False,<NULL>, 
508,160418160309,350,40,Kit Cheirinho de malha c/ 03 peças,15.6,624.0,2016-04-18 09:04:06,False,<NULL>, 
509,160418160309,700,15,Kit calcinha e camiseta,17.4,261.0,2016-04-18 09:04:15,False,<NULL>, 
510,160418160309,3008,10,Kit Calcinha Camiseta e Sapatilha,27.9,279.0,2016-04-18 09:04:27,False,<NULL>, 
511,160418160309,90,40,Sapato c/ luva,8.9,356.0,2016-04-18 09:04:38,False,<NULL>, 
512,160418285009,1200,4,Kit Calcinha de Malha 3 peças,18.9,75.6,2016-04-18 09:50:46,False,<NULL>, 
513,160418285009,3008,6,Kit Calcinha Camiseta e Sapatilha,27.9,167.4,2016-04-18 09:51:01,False,<NULL>, 
514,160418285009,500,7,Kit Cheirinho c/ 04 peças,19.5,136.5,2016-04-18 09:51:14,False,<NULL>, 
515,160418285009,350,6,Kit Cheirinho de malha c/ 03 peças,15.6,93.6,2016-04-18 09:51:26,False,<NULL>, 
516,160418285009,2000,33,Camiseta lisa,6.0,198.0,2016-04-18 09:53:45,False,<NULL>, 
517,160418285009,910,12,Shortinho individual ,6.9,82.8,2016-04-18 09:54:06,False,<NULL>, 
518,160418285009,200,5,Pano de xixi individual ,14.0,70.0,2016-04-18 09:54:13,False,<NULL>, 
519,160418285009,80,5,Pano de xixi individual (malha),13.0,65.0,2016-04-18 09:54:20,False,<NULL>, 
520,160418285009,700,6,Kit calcinha e camiseta,17.4,104.4,2016-04-18 09:54:27,False,<NULL>, 
521,160418285009,930,6,Kit Cueca e Camiseta ,15.9,95.4,2016-04-18 09:54:34,False,<NULL>, 
522,160418285009,740,5,"Kit short, camiseta e Tiara ",22.5,112.5,2016-04-18 09:54:46,False,<NULL>, 
523,160418285009,3007,5,"Kit Cueca, Camiseta, sapato tecido ",26.5,132.5,2016-04-18 09:54:54,False,<NULL>, 
524,160418285009,2229,6,"Touca, sapato, luva ",15.0,90.0,2016-04-18 09:55:03,False,<NULL>, 
525,160418285009,90,20,Sapato c/ luva,8.9,178.0,2016-04-18 09:55:14,False,<NULL>, 
526,160418285009,400,37,Kit camiseta 3 peças,23.0,851.0,2016-04-18 09:55:22,False,<NULL>, 
527,160418561710,400,48,Kit camiseta 3 peças,23.0,1104.0,2016-04-18 10:18:10,False,<NULL>, 
528,160418561710,1200,18,Kit Calcinha de Malha 3 peças,18.9,340.2,2016-04-18 10:18:21,False,<NULL>, 
529,160418561710,940,18,Kit Cuecas c/ 03 peças,15.0,270.0,2016-04-18 10:18:37,False,<NULL>, 
530,160418561710,3006,12,Roupão Felpuce ,35.0,420.0,2016-04-18 10:18:46,False,<NULL>, 
531,160418561710,90,24,Sapato c/ luva,8.9,213.6,2016-04-18 10:18:50,False,<NULL>, 
532,160418561710,700,12,Kit calcinha e camiseta,17.4,208.8,2016-04-18 10:18:57,False,<NULL>, 
533,160418561710,500,24,Kit Cheirinho c/ 04 peças,19.5,468.0,2016-04-18 10:19:03,False,<NULL>, 
534,160418561710,200,12,Pano de xixi individual ,14.0,168.0,2016-04-18 10:19:14,False,<NULL>, 
535,160418561710,3002,12,"Kit c/ 4 peças (Toalha Fralda , camiseta, cheirinho, toalhinha)",42.9,514.8,2016-04-18 10:19:20,False,<NULL>, 
536,160418561710,910,12,Shortinho individual ,6.9,82.8,2016-04-18 10:19:27,False,<NULL>, 
537,160418164610,90,2,Sapato c/ luva,8.9,17.8,2016-04-18 10:46:20,False,<NULL>, 
538,160418524810,90,2,Sapato c/ luva,8.9,17.8,2016-04-18 10:48:58,False,<NULL>, 
539,160418161411,90,2,Sapato c/ luva,8.9,17.8,2016-04-18 11:14:20,False,<NULL>, 
540,160418261511,90,5,Sapato c/ luva,8.9,44.5,2016-04-18 11:24:03,False,<NULL>, 
541,160418022511,400,48,Kit camiseta 3 peças,23.0,1104.0,2016-04-18 11:25:13,False,<NULL>, 
542,160418022511,1200,18,Kit Calcinha de Malha 3 peças,18.9,340.2,2016-04-18 11:25:21,False,<NULL>, 
543,160418022511,940,18,Kit Cuecas c/ 03 peças,15.0,270.0,2016-04-18 11:25:29,False,<NULL>, 
544,160418022511,3006,12,Roupão Felpuce ,35.0,420.0,2016-04-18 11:25:45,False,<NULL>, 
545,160418022511,90,24,Sapato c/ luva,8.9,213.6,2016-04-18 11:25:51,False,<NULL>, 
546,160418022511,700,12,Kit calcinha e camiseta,17.4,208.8,2016-04-18 11:25:58,False,<NULL>, 
548,160418022511,500,24,Kit Cheirinho c/ 03 peças,19.5,468.0,2016-04-18 11:26:49,False,<NULL>, 
549,160418022511,200,12,Pano de xixi individual ,14.0,168.0,2016-04-18 11:26:55,False,<NULL>, 
550,160418022511,3002,12,"Kit c/ 4 peças (Toalha Fralda , camiseta, cheirinho, toalhinha)",42.9,514.8,2016-04-18 11:27:04,False,<NULL>, 
551,160418022511,910,12,Shortinho individual ,6.9,82.8,2016-04-18 11:27:09,False,<NULL>, 
552,160418523111,400,80,Kit camiseta 3 peças,23.0,1840.0,2016-04-18 11:31:58,False,<NULL>, 
553,160418523111,1200,40,Kit Calcinha de Malha 3 peças,18.9,756.0,2016-04-18 11:32:02,False,<NULL>, 
554,160418523111,940,35,Kit Cuecas c/ 03 peças,15.0,525.0,2016-04-18 11:32:08,False,<NULL>, 
555,160418523111,350,20,Kit Cheirinho de malha c/ 03 peças,15.6,312.0,2016-04-18 11:32:11,False,<NULL>, 
556,160418523111,500,20,Kit Cheirinho c/ 03 peças,19.5,390.0,2016-04-18 11:32:15,False,<NULL>, 
557,160418323511,400,12,Kit camiseta 3 peças,23.0,276.0,2016-04-18 11:35:47,False,<NULL>, 
558,160418323511,2303,4,Bone-tecido Cueca Sapato,25.0,100.0,2016-04-18 11:35:58,False,<NULL>, 
559,160418323511,3007,4,"Kit Cueca, Camiseta, sapato tecido ",26.5,106.0,2016-04-18 13:07:09,False,<NULL>, 
560,160418323511,3008,7,Kit Calcinha Camiseta e Sapatilha,27.9,195.3,2016-04-18 13:07:18,False,<NULL>, 
561,160418323511,300,6,Kit Fralda c/ 03 peças,21.0,126.0,2016-04-18 13:07:28,False,<NULL>, 
562,160418323511,500,6,Kit Cheirinho c/ 03 peças,19.5,117.0,2016-04-18 13:07:38,False,<NULL>, 
563,160418323511,350,6,Kit Cheirinho de malha c/ 03 peças,15.6,93.6,2016-04-18 13:07:47,False,<NULL>, 
564,160418323511,240,4,Kit Pano de xixi 02 peças (malha),26.0,104.0,2016-04-18 13:07:55,False,<NULL>, 
565,160418323511,940,6,Kit Cuecas c/ 03 peças,15.0,90.0,2016-04-18 13:08:03,False,<NULL>, 
566,160418323511,90,32,Sapato c/ luva,8.9,284.8,2016-04-18 13:08:17,False,<NULL>, 
567,160418021113,630,10,Kit Pagão 03 peças ,20.0,200.0,2016-04-18 13:15:54,False,<NULL>, 
568,160418021113,110,10,Kit Pagão completo ( conj. 03 peças e sapatinho ),30.0,300.0,2016-04-18 13:16:01,False,<NULL>, 
569,160418021113,2000,24,Camiseta lisa,6.0,144.0,2016-04-18 13:16:08,False,<NULL>, 
570,160418021113,400,48,Kit camiseta 3 peças,23.0,1104.0,2016-04-18 13:16:17,False,<NULL>, 
571,160418021113,500,24,Kit Cheirinho c/ 03 peças,19.5,468.0,2016-04-18 13:16:23,False,<NULL>, 
572,160418021113,310,6,Roupão de felpa ,32.5,195.0,2016-04-18 13:16:37,False,<NULL>, 
573,160418021113,940,6,Kit Cuecas c/ 03 peças,15.0,90.0,2016-04-18 13:16:45,False,<NULL>, 
574,160418021113,1200,6,Kit Calcinha de Malha 3 peças,18.9,113.4,2016-04-18 13:16:49,False,<NULL>, 
575,160418021113,730,6,"Kit short, camiseta e boné",25.5,153.0,2016-04-18 13:16:52,False,<NULL>, 
576,160418021113,740,6,"Kit short, camiseta e Tiara ",22.5,135.0,2016-04-18 13:17:00,False,<NULL>, 
577,160418021113,3007,6,"Kit Cueca, Camiseta, sapato tecido ",26.5,159.0,2016-04-18 13:17:09,False,<NULL>, 
578,160418021113,3008,3,Kit Calcinha Camiseta e Sapatilha,27.9,83.7,2016-04-18 13:17:15,False,<NULL>, 
579,160418021113,910,24,Shortinho individual ,6.9,165.6,2016-04-18 13:17:20,False,<NULL>, 
580,160418021113,3004,12,Sapatilha de tecido,10.0,120.0,2016-04-18 13:17:58,False,<NULL>, 
581,160418021113,5116,12,Sapatilha c/ Tiara,15.0,180.0,2016-04-18 13:18:12,False,<NULL>, 
582,160418021113,150,2,Toalha fralda s/ bico ,12.9,25.8,2016-04-18 13:18:35,False,<NULL>, 
583,160418021113,1120,6,Kit Body Mijao Sapato com luva,25.0,150.0,2016-04-18 13:18:42,False,<NULL>, 
584,160418021113,100,6,"Kit Mijão, camiseta e sapatinho ",21.4,128.4,2016-04-18 13:18:46,False,<NULL>, 
585,160418351314,3007,03,"Kit Cueca, Camiseta, sapato tecido ",26.5,79.5,2016-04-18 14:13:53,False,<NULL>, 
586,160418351314,500,06,Kit Cheirinho c/ 03 peças,19.5,117.0,2016-04-18 14:14:00,False,<NULL>, 
587,160418351314,170,06,Kit Pano de xixi 03 peças,42.0,252.0,2016-04-18 14:14:11,False,<NULL>, 
588,160418351314,1200,06,Kit Calcinha de Malha 3 peças,18.9,113.4,2016-04-18 14:14:20,False,<NULL>, 
589,160418351314,940,06,Kit Cuecas c/ 03 peças,15.0,90.0,2016-04-18 14:14:38,False,<NULL>, 
590,160418351314,1100,06,"Kit Vestido, Calcinha e Tiara ",30.0,180.0,2016-04-18 14:14:43,False,<NULL>, 
591,160418351314,240,06,Kit Pano de xixi 02 peças (malha),26.0,156.0,2016-04-18 14:14:52,False,<NULL>, 
592,160418351314,400,06,Kit camiseta 3 peças,23.0,138.0,2016-04-18 14:14:59,False,<NULL>, 
593,160418351314,110,06,Kit Pagão completo ( conj. 03 peças e sapatinho ),30.0,180.0,2016-04-18 14:15:06,False,<NULL>, 
594,160418351314,270,06,Toalha fralda capuz,15.5,93.0,2016-04-18 14:15:12,False,<NULL>, 
595,160418351314,300,06,Kit Fralda c/ 03 peças,21.0,126.0,2016-04-18 14:15:20,False,<NULL>, 
596,160418351314,2301,06,Bata com Sapatilha,37.8,226.8,2016-04-18 14:15:28,False,<NULL>, 
597,160418351314,299,06,Kit Body c/colete e mijão ,25.0,150.0,2016-04-18 14:15:36,False,<NULL>, 
598,160418351314,770,03,Kit calçinha malha c/ camiseta,15.0,45.0,2016-04-18 14:15:47,False,<NULL>, 
599,160418351314,930,03,Kit Cueca e Camiseta ,15.9,47.7,2016-04-18 14:15:55,False,<NULL>, 
600,160418351314,90,06,Sapato c/ luva,8.9,53.4,2016-04-18 14:16:01,False,<NULL>, 
601,160418351314,3008,03,Kit Calcinha Camiseta e Sapatilha,27.9,83.7,2016-04-18 14:16:10,False,<NULL>, 
602,160418012314,400,10,Kit camiseta 3 peças,23.0,230.0,2016-04-18 14:23:11,False,<NULL>, 
603,160418012314,910,20,Shortinho individual ,6.9,138.0,2016-04-18 14:23:19,False,<NULL>, 
604,160418012314,770,04,Kit calçinha malha c/ camiseta,15.0,60.0,2016-04-18 14:24:34,False,<NULL>, 
605,160418012314,700,06,Kit calcinha e camiseta,17.4,104.4,2016-04-18 14:24:43,False,<NULL>, 
606,160418012314,930,03,Kit Cueca e Camiseta ,15.9,47.7,2016-04-18 14:24:53,False,<NULL>, 
607,160418012314,940,03,Kit Cuecas c/ 03 peças,15.0,45.0,2016-04-18 14:25:00,False,<NULL>, 
608,160418012314,350,13,Kit Cheirinho de malha c/ 03 peças,15.6,202.8,2016-04-18 14:25:07,False,<NULL>, 
609,160418012314,5118,07,Kit Cheirinho malha felpuce,16.0,112.0,2016-04-18 14:25:15,False,<NULL>, 
610,160418012314,90,58,Sapato c/ luva,8.9,516.2,2016-04-18 14:25:23,False,<NULL>, 
611,160418012314,330,02,Pano de prato 03 peças ,13.0,26.0,2016-04-18 14:25:44,False,<NULL>, 
612,160418505115,90,2,Sapato c/ luva,8.9,17.8,2016-04-18 15:51:54,False,<NULL>, 
613,160418235415,90,10,Sapato c/ luva,8.9,89.0,2016-04-18 15:54:28,False,<NULL>, 
614,160419413707,2000,60,Camiseta lisa,6.0,360.0,2016-04-19 07:37:56,False,<NULL>, 
615,160419413707,400,50,Kit camiseta 3 peças,23.0,1150.0,2016-04-19 07:38:10,False,<NULL>, 
616,160419545307,1200,2,Kit Calcinha de Malha 3 peças,18.9,37.8,2016-04-19 07:54:10,False,<NULL>, 
617,160419545307,3008,3,Kit Calcinha Camiseta e Sapatilha,27.9,83.7,2016-04-19 07:54:19,False,<NULL>, 
618,160419545307,500,3,Kit Cheirinho c/ 03 peças,19.5,58.5,2016-04-19 07:54:39,False,<NULL>, 
619,160419545307,350,3,Kit Cheirinho de malha c/ 03 peças,15.6,46.8,2016-04-19 07:54:47,False,<NULL>, 
620,160419545307,2000,16,Camiseta lisa,6.0,96.0,2016-04-19 07:54:59,False,<NULL>, 
621,160419545307,910,6,Shortinho individual ,6.9,41.4,2016-04-19 07:55:07,False,<NULL>, 
622,160419545307,200,3,Pano de xixi individual ,14.0,42.0,2016-04-19 07:55:16,False,<NULL>, 
623,160419545307,80,2,Pano de xixi individual (malha),13.0,26.0,2016-04-19 07:55:29,False,<NULL>, 
624,160419545307,700,3,Kit calcinha e camiseta,17.4,52.2,2016-04-19 07:55:36,False,<NULL>, 
625,160419545307,930,3,Kit Cueca e Camiseta ,15.9,47.7,2016-04-19 07:55:43,False,<NULL>, 
626,160419545307,740,2,"Kit short, camiseta e Tiara ",22.5,45.0,2016-04-19 07:55:51,False,<NULL>, 
627,160419545307,3007,3,"Kit Cueca, Camiseta, sapato tecido ",26.5,79.5,2016-04-19 07:55:59,False,<NULL>, 
628,160419545307,2229,3,"Touca, sapato, luva ",15.0,45.0,2016-04-19 07:56:08,False,<NULL>, 
629,160419545307,90,10,Sapato c/ luva,8.9,89.0,2016-04-19 07:56:14,False,<NULL>, 
630,160419545307,400,18,Kit camiseta 3 peças,23.0,414.0,2016-04-19 07:56:22,False,<NULL>, 
631,160420040210,400,14,Kit camiseta 3 peças,23.0,322.0,2016-04-20 10:02:40,False,<NULL>, 
632,160420040210,2000,30,Camiseta lisa,6.0,180.0,2016-04-20 10:02:47,False,<NULL>, 
633,160420040210,500,10,Kit Cheirinho c/ 03 peças,19.5,195.0,2016-04-20 10:02:57,False,<NULL>, 
634,160420040210,350,10,Kit Cheirinho de malha c/ 03 peças,15.6,156.0,2016-04-20 10:03:06,False,<NULL>, 
635,160420040210,300,3,Kit Fralda c/ 03 peças,21.0,63.0,2016-04-20 10:03:18,False,<NULL>, 
636,160420040210,240,6,Kit Pano de xixi 02 peças (malha),26.0,156.0,2016-04-20 10:03:37,False,<NULL>, 
637,160420040210,90,60,Sapato c/ luva,8.9,534.0,2016-04-20 10:03:48,False,<NULL>, 
638,160420040210,1200,4,Kit Calcinha de Malha 3 peças,18.9,75.6,2016-04-20 10:04:01,False,<NULL>, 
639,160420040210,940,4,Kit Cuecas c/ 03 peças,15.0,60.0,2016-04-20 10:04:13,False,<NULL>, 
640,160420040210,930,10,Kit Cueca e Camiseta ,15.9,159.0,2016-04-20 10:04:28,False,<NULL>, 
641,160420040210,910,20,Shortinho individual ,6.9,138.0,2016-04-20 10:04:43,False,<NULL>, 
642,160420410610,400,10,Kit camiseta 3 peças,23.0,230.0,2016-04-20 10:21:56,False,<NULL>, 
643,160420410610,910,20,Shortinho individual ,6.9,138.0,2016-04-20 10:22:23,False,<NULL>, 
644,160420410610,770,12,Kit calçinha malha c/ camiseta,15.0,180.0,2016-04-20 10:22:30,False,<NULL>, 
645,160420410610,700,6,Kit calcinha e camiseta,17.4,104.4,2016-04-20 10:22:46,False,<NULL>, 
646,160420410610,930,3,Kit Cueca e Camiseta ,15.9,47.7,2016-04-20 10:22:56,False,<NULL>, 
647,160420410610,940,3,Kit Cuecas c/ 03 peças,15.0,45.0,2016-04-20 10:23:10,False,<NULL>, 
648,160420410610,350,14,Kit Cheirinho de malha c/ 03 peças,15.6,218.4,2016-04-20 10:23:17,False,<NULL>, 
649,160420410610,5118,7,Kit Cheirinho malha felpuce,16.0,112.0,2016-04-20 10:24:07,False,<NULL>, 
650,160420410610,90,58,Sapato c/ luva,8.9,516.2,2016-04-20 10:24:28,False,<NULL>, 
651,160420410610,330,2,Pano de prato 03 peças ,13.0,26.0,2016-04-20 10:24:43,False,<NULL>, 
653,160429231016,110,06,Kit Pagão completo ( conj. 03 peças e sapatinho ),30.0,180.0,2016-04-29 16:11:26,False,<NULL>, 
654,160429231016,300,4,Kit Fralda c/ 03 peças,21.0,84.0,2016-04-29 16:11:43,False,<NULL>, 
655,160429231016,240,6,Kit Pano de xixi 02 peças (malha),26.0,156.0,2016-04-29 16:12:02,False,<NULL>, 
656,160429231016,3007,3,"Kit Cueca, Camiseta, sapato tecido ",26.5,79.5,2016-04-29 16:12:38,False,<NULL>, 
657,160429231016,3008,6,Kit Calcinha Camiseta e Sapatilha,27.9,167.4,2016-04-29 16:13:19,False,<NULL>, 
658,160429231016,1190,6,Kit Body s/ manga c/ short,17.9,107.4,2016-04-29 16:13:49,False,<NULL>, 
659,160429231016,2236,6,Bory Ind. c/Barra de Tecido,16.5,99.0,2016-04-29 16:14:22,False,<NULL>, 
660,160429231016,350,4,Kit Cheirinho de malha c/ 03 peças,15.6,62.4,2016-04-29 16:14:50,False,<NULL>, 
661,160429231016,500,6,Kit Cheirinho c/ 03 peças,19.5,117.0,2016-04-29 16:15:06,False,<NULL>, 
662,160429231016,1120,6,Kit Body Mijao Sapato com luva,25.0,150.0,2016-04-29 16:15:44,False,<NULL>, 
663,160429231016,400,18,Kit camiseta 3 peças,23.0,414.0,2016-04-29 16:16:39,False,<NULL>, 
664,160429231016,299,7,Kit Body c/colete e mijão ,25.0,175.0,2016-04-29 16:17:27,False,<NULL>, 
665,160429231016,2216,1,Kit Body c/saia e Tiara,25.0,25.0,2016-04-29 16:17:37,False,<NULL>, 
666,160429231016,5100,6,blusa c/vies individual ,10.5,63.0,2016-04-29 16:18:48,False,<NULL>, 
667,160429231016,2230,6,Touca ,8.0,48.0,2016-04-29 16:18:57,False,<NULL>, 
668,160429231016,910,30,Shortinho individual ,6.9,207.0,2016-04-29 16:19:40,False,<NULL>, 
669,160429231016,1080,14,Mijão individual ,6.6,92.4,2016-04-29 16:20:36,False,<NULL>, 
670,160429231016,2000,11,Camiseta lisa,6.0,66.0,2016-04-29 16:21:23,False,<NULL>, 
671,160429231016,2219,11,Shortinho de tecido ,13.9,152.9,2016-04-29 16:21:53,False,<NULL>, 
672,160429231016,90,7,Sapato c/ luva,8.9,62.3,2016-04-29 16:23:45,False,<NULL>, 
673,160429231016,5116,3,Sapatilha c/ Tiara,15.0,45.0,2016-04-29 16:24:24,False,<NULL>, 
676,160429231016,2301,3,Bata com Sapatilha,37.8,113.4,2016-04-29 16:31:09,False,<NULL>, 
677,160501024108,110,6,Kit Pagão completo ( conj. 03 peças e sapatinho ),30.0,180.0,2016-05-01 08:41:15,False,<NULL>, 
678,160501024108,300,2,Kit Fralda c/ 03 peças,21.0,42.0,2016-05-01 08:41:26,False,<NULL>, 
679,160501024108,240,4,Kit Pano de xixi 02 peças (malha),26.0,104.0,2016-05-01 08:41:38,False,<NULL>, 
680,160501024108,3007,3,"Kit Cueca, Camiseta, sapato tecido ",26.5,79.5,2016-05-01 08:41:49,False,<NULL>, 
681,160501024108,3008,3,Kit Calcinha Camiseta e Sapatilha,27.9,83.7,2016-05-01 08:42:00,False,<NULL>, 
682,160501024108,1190,3,Kit Body s/ manga c/ short,17.9,53.7,2016-05-01 08:42:19,False,<NULL>, 
683,160501024108,2236,3,Bory Ind. c/Barra de Tecido,16.5,49.5,2016-05-01 08:42:27,False,<NULL>, 
684,160501024108,350,2,Kit Cheirinho de malha c/ 03 peças,15.6,31.2,2016-05-01 08:42:35,False,<NULL>, 
685,160501024108,500,3,Kit Cheirinho c/ 03 peças,19.5,58.5,2016-05-01 08:42:46,False,<NULL>, 
686,160501024108,1120,3,Kit Body Mijao Sapato com luva,25.0,75.0,2016-05-01 08:42:52,False,<NULL>, 
687,160501024108,400,8,Kit camiseta 3 peças,23.0,184.0,2016-05-01 08:42:59,False,<NULL>, 
688,160501024108,299,4,Kit Body c/colete e mijão ,25.0,100.0,2016-05-01 08:43:06,False,<NULL>, 
689,160501024108,2216,1,Kit Body c/saia e Tiara,25.0,25.0,2016-05-01 08:43:20,False,<NULL>, 
690,160501024108,5100,3,blusa c/vies individual ,10.5,31.5,2016-05-01 08:43:28,False,<NULL>, 
691,160501024108,2230,3,Touca ,8.0,24.0,2016-05-01 08:43:38,False,<NULL>, 
692,160501024108,1080,7,Mijão individual ,6.6,46.2,2016-05-01 08:44:14,False,<NULL>, 
693,160501024108,2000,8,Camiseta lisa,6.0,48.0,2016-05-01 08:44:24,False,<NULL>, 
694,160501024108,2219,11,Shortinho de tecido ,13.9,152.9,2016-05-01 08:44:37,False,<NULL>, 
695,160501024108,90,4,Sapato c/ luva,8.9,35.6,2016-05-01 08:44:44,False,<NULL>, 
696,160501024108,5116,3,Sapatilha c/ Tiara,15.0,45.0,2016-05-01 08:44:55,False,<NULL>, 
698,160503572813,910,72,Shortinho individual ,6.9,496.8,2016-05-03 13:29:49,False,<NULL>, 
699,160503572813,190,100,Luva individual ,3.0,300.0,2016-05-03 13:30:11,False,<NULL>, 
700,160503572813,90,120,Sapato c/ luva,8.9,1068.0,2016-05-03 13:30:23,False,<NULL>, 
701,160503572813,300,24,Kit Fralda c/ 03 peças,21.0,504.0,2016-05-03 13:30:34,False,<NULL>, 
702,160503572813,400,24,Kit camiseta 3 peças,23.0,552.0,2016-05-03 13:30:45,False,<NULL>, 
703,160506290015,5098,6,Body Manga longa ,18.0,108.0,2016-05-06 15:00:47,False,<NULL>, 
704,160506290015,5132,8,Body manga curta ind,16.0,128.0,2016-05-06 15:01:02,False,<NULL>, 
705,160506290015,90,16,Sapato c/ luva,8.9,142.4,2016-05-06 15:01:57,False,<NULL>, 
706,160509151409,5098,6,Body Manga longa ,18.0,108.0,2016-05-09 09:14:28,False,<NULL>, 
707,160509151409,5132,8,Body manga curta ind,16.0,128.0,2016-05-09 09:14:41,False,<NULL>, 
708,160509151409,90,16,Sapato c/ luva,8.9,142.4,2016-05-09 09:14:49,False,<NULL>, 
709,160509151409,110,5,Kit Pagão completo ( conj. 03 peças e sapatinho ),30.0,150.0,2016-05-09 09:15:03,False,<NULL>, 
710,160509151409,650,5,Kit Pagão Baby 02 peças ,20.0,100.0,2016-05-09 09:15:23,False,<NULL>, 
711,160512372609,240,6,Kit Pano de xixi 02 peças (malha),26.0,156.0,2016-05-12 09:26:55,False,<NULL>, 
712,160512372609,650,1,Kit Pagão Baby 02 peças ,20.0,20.0,2016-05-12 09:27:09,False,<NULL>, 
713,160512372609,830,1,Manta bordada - anarruga ,59.5,59.5,2016-05-12 09:27:20,False,<NULL>, 
714,160513361913,1200,04,Kit Calcinha de Malha 3 peças,18.9,75.6,2016-05-13 13:19:59,False,<NULL>, 
715,160513361913,3007,04,"Kit Cueca, Camiseta, sapato tecido ",26.5,106.0,2016-05-13 13:20:16,False,<NULL>, 
716,160513361913,930,06,Kit Cueca e Camiseta ,15.9,95.4,2016-05-13 13:20:31,False,<NULL>, 
717,160513361913,910,20,Shortinho individual ,6.9,138.0,2016-05-13 13:20:50,False,<NULL>, 
718,160513361913,2000,40,Camiseta lisa,6.0,240.0,2016-05-13 13:21:03,False,<NULL>, 
719,160513361913,400,14,Kit camiseta 3 peças,23.0,322.0,2016-05-13 13:21:12,False,<NULL>, 
720,160514404312,170,8,Kit Pano de xixi 03 peças,42.0,336.0,2016-05-14 12:44:05,False,<NULL>, 
721,160514404312,5117,9,Camiseta machão c/ short tec,23.0,207.0,2016-05-14 12:44:40,False,<NULL>, 
722,160514404312,800,5,Kit Berço c/ vira e fronha s/ bico,35.0,175.0,2016-05-14 12:45:34,False,<NULL>, 
723,160514404312,210,3,Kit Berço c/ vira e fronha c/ bico,40.0,120.0,2016-05-14 12:45:57,False,<NULL>, 
724,160514404312,260,2,Kit Berço simples 02 peças ,35.0,70.0,2016-05-14 12:46:02,False,<NULL>, 
727,160514404312,410,2,Lençou de carrinho ,20.0,40.0,2016-05-14 12:47:49,False,<NULL>, 
728,160514404312,740,1,"Kit short, camiseta e Tiara ",22.5,22.5,2016-05-14 12:47:57,False,<NULL>, 
729,160514404312,730,4,"Kit short, camiseta e boné",25.5,102.0,2016-05-14 12:48:05,False,<NULL>, 
731,160514404312,3007,2,"Kit Cueca, Camiseta, sapato tecido ",26.5,53.0,2016-05-14 12:49:28,False,<NULL>, 
732,160514404312,110,5,Kit Pagão completo ( conj. 03 peças e sapatinho ),30.0,150.0,2016-05-14 12:49:43,False,<NULL>, 
733,160514404312,150,12,Toalha fralda s/ bico ,12.9,154.8,2016-05-14 12:50:12,False,<NULL>, 
734,160514404312,160,4,Toalha fralda c/ bico ,13.5,54.0,2016-05-14 12:50:24,False,<NULL>, 
735,160514404312,270,3,Toalha fralda capuz,15.5,46.5,2016-05-14 12:50:38,False,<NULL>, 
736,160514404312,1110,4,Lençol de elástico c/ barra e fronha,40.0,160.0,2016-05-14 12:50:51,False,<NULL>, 
737,160514404312,3008,13,Kit Calcinha Camiseta e Sapatilha,27.9,362.7,2016-05-14 12:51:36,False,<NULL>, 
738,160514404312,700,9,Kit calcinha e camiseta,17.4,156.6,2016-05-14 12:51:52,False,<NULL>, 
739,160514404312,2301,4,Bata com Sapatilha,37.8,151.2,2016-05-14 12:52:16,False,<NULL>, 
740,160514404312,310,5,Roupão de felpa ,32.5,162.5,2016-05-14 12:52:46,False,<NULL>, 
741,160514404312,400,28,Kit camiseta 3 peças,23.0,644.0,2016-05-14 12:53:33,False,<NULL>, 
742,160514404312,500,10,Kit Cheirinho c/ 03 peças,19.5,195.0,2016-05-14 12:54:21,False,<NULL>, 
743,160514404312,300,13,Kit Fralda c/ 03 peças,21.0,273.0,2016-05-14 12:54:57,False,<NULL>, 
744,160514404312,1200,8,Kit Calcinha de Malha 3 peças,18.9,151.2,2016-05-14 12:56:08,False,<NULL>, 
745,160514404312,940,10,Kit Cuecas c/ 03 peças,15.0,150.0,2016-05-14 12:56:28,False,<NULL>, 
746,160514404312,1090,5,Kit calcinha c/ bico,27.6,138.0,2016-05-14 12:57:02,False,<NULL>, 
747,160514404312,730,2,"Kit short, camiseta e boné",25.5,51.0,2016-05-14 12:57:28,False,<NULL>, 
748,160514404312,299,3,Kit Body c/colete e mijão ,25.0,75.0,2016-05-14 12:57:39,False,<NULL>, 
749,160514404312,930,15,Kit Cueca e Camiseta ,15.9,238.5,2016-05-14 13:00:02,False,<NULL>, 
750,160514404312,2230,23,Touca ,8.0,184.0,2016-05-14 13:00:54,False,<NULL>, 
751,160514404312,190,8,Luva individual ,3.0,24.0,2016-05-14 13:01:37,False,<NULL>, 
752,160514404312,90,37,Sapato c/ luva,8.9,329.3,2016-05-14 13:02:45,False,<NULL>, 
754,160514404312,3002,6,"Kit c/ 4 peças (Toalha Fralda , camiseta, cheirinho, toalhinha)",42.9,257.4,2016-05-14 13:04:23,False,<NULL>, 
755,160514404312,5020,1,"Kit Manta Felpuce, body, mijão",79.5,79.5,2016-05-14 13:04:45,False,<NULL>, 
756,160514404312,5033,1,Body com mijão,20.0,20.0,2016-05-14 13:05:16,False,<NULL>, 
757,160514404312,5123,1,Fralda com barra,7.0,7.0,2016-05-14 13:05:54,False,<NULL>, 
758,160514404312,5133,1,Camiseta individual,7.5,7.5,2016-05-14 13:08:26,False,<NULL>, 
759,160514404312,5116,2,Sapatilha c/ Tiara,15.0,30.0,2016-05-14 13:10:48,False,<NULL>, 
761,160514404312,240,4,Kit Pano de xixi 02 peças (malha),26.0,104.0,2016-05-14 13:11:32,False,<NULL>, 
762,160514404312,840,1,Manta bordada - simples,44.9,44.9,2016-05-14 13:12:22,False,<NULL>, 
763,160517211209,90,19,Sapato c/ luva,8.9,169.1,2016-05-17 09:12:33,False,<NULL>, 
764,160517211209,5118,4,Kit Cheirinho malha felpuce,16.0,64.0,2016-05-17 09:13:15,False,<NULL>, 
765,160517211209,299,4,Kit Body c/colete e mijão ,25.0,100.0,2016-05-17 09:13:30,False,<NULL>, 
766,160517211209,110,5,Kit Pagão completo ( conj. 03 peças e sapatinho ),30.0,150.0,2016-05-17 09:13:44,False,<NULL>, 
767,160517211209,2236,4,Bory Ind. c/Barra de Tecido,16.5,66.0,2016-05-17 09:14:15,False,<NULL>, 
768,160517211209,240,4,Kit Pano de xixi 02 peças (malha),26.0,104.0,2016-05-17 09:14:26,False,<NULL>, 
769,160519003311,400,72,Kit camiseta 3 peças,23.0,1656.0,2016-05-19 11:33:25,False,<NULL>, 
770,160519003311,910,97,Shortinho individual ,6.9,669.3,2016-05-19 11:34:03,False,<NULL>, 
771,160519003311,1080,56,Mijão individual ,6.6,369.6,2016-05-19 11:34:23,False,<NULL>, 
772,160519003311,1000,16,Cobertor Flanela,15.0,240.0,2016-05-19 11:35:11,False,<NULL>, 
773,160519003311,90,30,Sapato c/ luva,8.9,267.0,2016-05-19 11:35:34,False,<NULL>, 
774,160519003311,1200,14,Kit Calcinha de Malha 3 peças,18.9,264.6,2016-05-19 11:35:48,False,<NULL>, 
775,160519003311,2301,8,Bata com Sapatilha,37.8,302.4,2016-05-19 11:36:06,False,<NULL>, 
776,160519003311,1190,8,Kit Body s/ manga c/ short,17.9,143.2,2016-05-19 11:36:35,False,<NULL>, 
777,160519003311,2223,8,"Kit chapéu tecido, Camiseta, shortinho-malha",27.2,217.6,2016-05-19 11:36:46,False,<NULL>, 
778,160519003311,500,16,Kit Cheirinho c/ 03 peças,19.5,312.0,2016-05-19 11:37:00,False,<NULL>, 
779,160519003311,940,12,Kit Cuecas c/ 03 peças,15.0,180.0,2016-05-19 11:37:14,False,<NULL>, 
780,160519004211,400,72,Kit camiseta 3 peças,23.0,1656.0,2016-05-19 11:42:11,False,<NULL>, 
781,160519004211,910,100,Shortinho individual ,6.9,690.0,2016-05-19 11:42:25,False,<NULL>, 
782,160519004211,1080,56,Mijão individual ,6.6,369.6,2016-05-19 11:42:45,False,<NULL>, 
783,160519004211,1000,16,Cobertor Flanela,15.0,240.0,2016-05-19 11:42:58,False,<NULL>, 
784,160519004211,90,26,Sapato c/ luva,8.9,231.4,2016-05-19 11:44:34,False,<NULL>, 
785,160519004211,1200,14,Kit Calcinha de Malha 3 peças,18.9,264.6,2016-05-19 11:44:51,False,<NULL>, 
786,160519004211,2301,8,Bata com Sapatilha,37.8,302.4,2016-05-19 11:45:12,False,<NULL>, 
787,160519004211,1190,8,Kit Body s/ manga c/ short,17.9,143.2,2016-05-19 11:45:25,False,<NULL>, 
788,160519004211,2223,5,"Kit chapéu tecido, Camiseta, shortinho-malha",27.2,136.0,2016-05-19 11:45:37,False,<NULL>, 
789,160519004211,500,20,Kit Cheirinho c/ 03 peças,19.5,390.0,2016-05-19 11:48:15,False,<NULL>, 
790,160519004211,940,12,Kit Cuecas c/ 03 peças,15.0,180.0,2016-05-19 11:49:21,False,<NULL>, 
802,160520035316,90,12,Sapato c/ luva,8.9,106.8,2016-05-20 16:53:13,False,<NULL>, 
803,160520035316,299,8,Kit Body c/colete e mijão ,25.0,200.0,2016-05-20 16:53:21,False,<NULL>, 
804,160520035316,2236,8,Bory Ind. c/Barra de Tecido,16.5,132.0,2016-05-20 16:53:42,False,<NULL>, 
805,160520035316,730,4,"Kit short, camiseta e boné",25.5,102.0,2016-05-20 16:53:53,False,<NULL>, 
806,160520035316,240,6,Kit Pano de xixi 02 peças (malha),26.0,156.0,2016-05-20 16:54:10,False,<NULL>, 
807,160520035316,3008,6,Kit Calcinha Camiseta e Sapatilha,27.9,167.4,2016-05-20 16:54:24,False,<NULL>, 
808,160520035316,1100,6,"Kit Vestido, Calcinha e Tiara ",30.0,180.0,2016-05-20 16:54:45,False,<NULL>, 
809,160520035316,110,4,Kit Pagão completo ( conj. 03 peças e sapatinho ),30.0,120.0,2016-05-20 16:54:59,False,<NULL>, 
810,160520035316,2301,4,Bata com Sapatilha,37.8,151.2,2016-05-20 16:55:12,False,<NULL>, 
811,160520035316,400,12,Kit camiseta 3 peças,23.0,276.0,2016-05-20 16:55:19,False,<NULL>, 
812,160520035316,500,6,Kit Cheirinho c/ 03 peças,19.5,117.0,2016-05-20 16:55:29,False,<NULL>, 
813,160520035316,940,4,Kit Cuecas c/ 03 peças,15.0,60.0,2016-05-20 16:55:43,False,<NULL>, 
814,160520035316,270,4,Toalha fralda capuz,15.5,62.0,2016-05-20 16:56:04,False,<NULL>, 
815,160520035316,1120,4,Kit Body Mijao Sapato com luva,25.0,100.0,2016-05-20 16:56:41,False,<NULL>, 
816,160523582109,90,12,Sapato c/ luva,8.9,106.8,2016-05-23 09:22:09,False,<NULL>, 
817,160523582109,299,8,Kit Body c/colete e mijão ,25.0,200.0,2016-05-23 09:22:16,False,<NULL>, 
818,160523582109,2236,8,Bory Ind. c/Barra de Tecido,16.5,132.0,2016-05-23 09:22:26,False,<NULL>, 
819,160523582109,730,4,"Kit short, camiseta e boné",25.5,102.0,2016-05-23 09:22:35,False,<NULL>, 
820,160523582109,240,6,Kit Pano de xixi 02 peças (malha),26.0,156.0,2016-05-23 09:22:49,False,<NULL>, 
821,160523582109,3008,6,Kit Calcinha Camiseta e Sapatilha,27.9,167.4,2016-05-23 09:23:08,False,<NULL>, 
822,160523582109,1100,6,"Kit Vestido, Calcinha e Tiara ",30.0,180.0,2016-05-23 09:23:15,False,<NULL>, 
823,160523582109,110,4,Kit Pagão completo ( conj. 03 peças e sapatinho ),30.0,120.0,2016-05-23 09:23:23,False,<NULL>, 
824,160523582109,2301,4,Bata com Sapatilha,37.8,151.2,2016-05-23 09:23:40,False,<NULL>, 
825,160523582109,400,12,Kit camiseta 3 peças,23.0,276.0,2016-05-23 09:23:47,False,<NULL>, 
826,160523582109,500,6,Kit Cheirinho c/ 03 peças,19.5,117.0,2016-05-23 09:23:53,False,<NULL>, 
827,160523582109,940,4,Kit Cuecas c/ 03 peças,15.0,60.0,2016-05-23 09:23:59,False,<NULL>, 
828,160523582109,270,4,Toalha fralda capuz,15.5,62.0,2016-05-23 09:24:07,False,<NULL>, 
829,160523582109,1120,4,Kit Body Mijao Sapato com luva,25.0,100.0,2016-05-23 09:24:14,False,<NULL>, 
830,160523582109,2216,4,Kit Body c/saia e Tiara,25.0,100.0,2016-05-23 09:24:26,False,<NULL>, 
831,160523582109,1200,6,Kit Calcinha de Malha 3 peças,18.9,113.4,2016-05-23 09:24:38,False,<NULL>, 
832,160523582109,700,6,Kit calcinha e camiseta,17.4,104.4,2016-05-23 09:24:50,False,<NULL>, 
833,160523582109,5134,5,Jardineira com camiseta c/manga,31.9,159.5,2016-05-23 09:29:04,False,<NULL>, 
834,160525201613,240,4,Kit Pano de xixi 02 peças (malha),26.0,104.0,2016-05-25 13:16:58,False,<NULL>, 
835,160525201613,170,4,Kit Pano de xixi 03 peças,42.0,168.0,2016-05-25 13:17:17,False,<NULL>, 
836,160525201613,90,44,Sapato c/ luva,8.9,391.6,2016-05-25 13:18:50,False,<NULL>, 
837,160525201613,500,14,Kit Cheirinho c/ 03 peças,19.5,273.0,2016-05-25 13:19:25,False,<NULL>, 
838,160525201613,350,17,Kit Cheirinho de malha c/ 03 peças,15.6,265.2,2016-05-25 13:19:39,False,<NULL>, 
839,160525201613,300,6,Kit Fralda c/ 03 peças,21.0,126.0,2016-05-25 13:20:15,False,<NULL>, 
840,160525201613,400,17,Kit camiseta 3 peças,23.0,391.0,2016-05-25 13:20:24,False,<NULL>, 
841,160525201613,2000,40,Camiseta lisa,6.0,240.0,2016-05-25 13:20:38,False,<NULL>, 
842,160525201613,940,3,Kit Cuecas c/ 03 peças,15.0,45.0,2016-05-25 13:21:03,False,<NULL>, 
843,160525201613,930,8,Kit Cueca e Camiseta ,15.9,127.2,2016-05-25 13:21:24,False,<NULL>, 
844,160525201613,910,25,Shortinho individual ,6.9,172.5,2016-05-25 13:21:43,False,<NULL>, 
845,160525201613,770,12,Kit calçinha malha c/ camiseta,15.0,180.0,2016-05-25 13:22:03,False,<NULL>, 
846,160525201613,3007,6,"Kit Cueca, Camiseta, sapato tecido ",26.5,159.0,2016-05-25 13:22:15,False,<NULL>, 
848,160525223115,700,12,Kit calcinha e camiseta,17.4,208.8,2016-05-25 15:31:43,False,<NULL>, 
849,160525223115,2302,6,Short tecido c/ blusa de viés ,25.0,150.0,2016-05-25 15:32:02,False,<NULL>, 
850,160525223115,240,6,Kit Pano de xixi 02 peças (malha),26.0,156.0,2016-05-25 15:33:03,False,<NULL>, 
851,160525223115,2010,18,Kit camiseta c/manga short tecido,21.9,394.2,2016-05-25 15:33:11,False,<NULL>, 
852,160525223115,90,40,Sapato c/ luva,8.9,356.0,2016-05-25 15:33:26,False,<NULL>, 
853,160525223115,400,18,Kit camiseta 3 peças,23.0,414.0,2016-05-25 15:33:44,False,<NULL>, 
854,160525223115,200,18,Pano de xixi individual ,14.0,252.0,2016-05-25 15:34:30,False,<NULL>, 
855,160615103812,940,3,Kit Cuecas c/ 03 peças,15.0,45.0,2016-06-15 12:38:27,False,<NULL>, 
856,160615103812,1200,2,Kit Calcinha de Malha 3 peças,18.9,37.8,2016-06-15 12:38:46,False,<NULL>, 
857,160615103812,1170,2,Kit Bata c/ calcinha de malha,27.9,55.8,2016-06-15 12:39:13,False,<NULL>, 
858,160615103812,2301,1,Bata com Sapatilha,37.8,37.8,2016-06-15 12:39:30,False,<NULL>, 
859,160615103812,1100,3,"Kit Vestido, Calcinha e Tiara ",30.0,90.0,2016-06-15 12:39:46,False,<NULL>, 
860,160615103812,3008,2,Kit Calcinha Camiseta e Sapatilha,27.9,55.8,2016-06-15 12:40:04,False,<NULL>, 
861,160615103812,3007,2,"Kit Cueca, Camiseta, sapato tecido ",26.5,53.0,2016-06-15 12:40:21,False,<NULL>, 
862,160615103812,350,4,Kit Cheirinho de malha c/ 03 peças,15.6,62.4,2016-06-15 12:40:41,False,<NULL>, 
863,160615103812,400,5,Kit camiseta 3 peças,23.0,115.0,2016-06-15 12:40:59,False,<NULL>, 
864,160615103812,700,1,Kit calcinha e camiseta,17.4,17.4,2016-06-15 12:41:14,False,<NULL>, 
865,160615103812,2236,2,Bory Ind. c/Barra de Tecido,16.5,33.0,2016-06-15 12:41:30,False,<NULL>, 
866,160615103812,650,2,Kit Pagão Baby 02 peças ,20.0,40.0,2016-06-15 12:41:43,False,<NULL>, 
867,160615103812,1190,2,Kit Body s/ manga c/ short,17.9,35.8,2016-06-15 12:41:59,False,<NULL>, 
868,160615103812,2222,4,Kit Boné tecido c/ cueca,16.9,67.6,2016-06-15 12:42:37,False,<NULL>, 
869,160615103812,2302,8,Short tecido c/ blusa de viés ,25.0,200.0,2016-06-15 12:43:29,False,<NULL>, 
870,160615103812,2010,9,Kit camiseta c/manga short tecido,21.9,197.1,2016-06-15 12:44:30,False,<NULL>, 
871,160615103812,910,6,Shortinho individual ,6.9,41.4,2016-06-15 12:45:02,False,<NULL>, 
872,160615103812,5100,3,blusa c/vies individual ,10.5,31.5,2016-06-15 12:45:30,False,<NULL>, 
874,160615103812,5097,4,Camiseta,12.0,48.0,2016-06-15 12:47:54,False,<NULL>, 
875,160615103812,5135,5,camiseta machão indiv,10.5,52.5,2016-06-15 12:50:02,False,<NULL>, 
876,160615103812,90,7,Sapato c/ luva,8.9,62.3,2016-06-15 12:50:22,False,<NULL>, 
878,160620144609,90,210,Sapato c/ luva,8.9,1869.0,2016-06-20 09:46:48,False,<NULL>, 
880,160620144609,940,150,Kit Cuecas c/ 03 peças,17.5,2625.0,2016-06-20 09:51:36,False,<NULL>, 
881,160620144609,1200,150,Kit Calcinha de Malha 3 peças,18.9,2835.0,2016-06-20 09:51:57,False,<NULL>, 
882,160620521610,90,2,Sapato c/ luva,8.9,17.8,2016-06-20 10:16:59,False,<NULL>, 
883,160623530909,400,4,Kit camiseta 3 peças,23.0,92.0,2016-06-23 09:10:19,False,<NULL>, 
884,160623530909,2236,2,Bory Ind. c/Barra de Tecido,16.5,33.0,2016-06-23 09:10:28,False,<NULL>, 
885,160623061309,1110,1,Lençol de elástico c/ barra e fronha,40.0,40.0,2016-06-23 09:13:16,False,<NULL>, 
886,160623061309,640,1,Kit Berço c/ fronha (malha),31.5,31.5,2016-06-23 09:13:27,False,<NULL>, 
887,160623061309,2216,1,Kit Body c/saia e Tiara,25.0,25.0,2016-06-23 09:13:47,False,<NULL>, 
888,160623061309,299,1,Kit Body c/colete e mijão ,25.0,25.0,2016-06-23 09:13:57,False,<NULL>, 
889,160623061309,1100,1,"Kit Vestido, Calcinha e Tiara",30.0,30.0,2016-06-23 09:14:17,False,<NULL>, 
890,160623061309,2236,2,Bory Ind. c/Barra de Tecido,16.5,33.0,2016-06-23 09:14:31,False,<NULL>, 
891,160623061309,910,2,Shortinho individual ,6.9,13.8,2016-06-23 09:14:44,False,<NULL>, 
892,160623061309,2219,1,Shortinho de tecido ,13.9,13.9,2016-06-23 09:14:55,False,<NULL>, 
893,160623061309,2010,2,Kit camiseta c/manga short tecido,21.9,43.8,2016-06-23 09:15:24,False,<NULL>, 
894,160702162217,700,23,Kit calcinha e camiseta,17.4,400.2,2016-07-02 17:24:16,False,<NULL>, 
896,160702162217,5033,9,Body com mijão,20.0,180.0,2016-07-02 17:26:07,False,<NULL>, 
897,160702162217,90,18,Sapato c/ luva,8.9,160.2,2016-07-02 17:27:18,False,<NULL>, 
898,160702162217,630,1,Kit Pagão 03 peças ,20.0,20.0,2016-07-02 17:28:02,False,<NULL>, 
899,160702162217,270,2,Toalha fralda capuz,15.5,31.0,2016-07-02 17:28:29,False,<NULL>, 
900,160702162217,300,3,Kit Fralda c/ 03 peças,21.0,63.0,2016-07-02 17:28:46,False,<NULL>, 
901,160702162217,1000,1,Cobertor Flanela,15.0,15.0,2016-07-02 17:29:09,False,<NULL>, 
902,160702162217,640,1,Kit Berço c/ fronha (malha),31.5,31.5,2016-07-02 17:29:30,False,<NULL>, 
903,160702162217,260,1,Kit Berço simples 02 peças ,35.0,35.0,2016-07-02 17:30:05,False,<NULL>, 
904,160702162217,2219,2,Shortinho de tecido ,13.9,27.8,2016-07-02 17:30:45,False,<NULL>, 
905,160702162217,5117,4,Camiseta machão c/ short tec,23.0,92.0,2016-07-02 17:33:40,False,<NULL>, 
907,160702162217,3007,10,"Kit Cueca, Camiseta, sapato tecido ",26.5,265.0,2016-07-02 17:35:04,False,<NULL>, 
908,160702162217,2301,3,Bata com Sapatilha,37.8,113.4,2016-07-02 17:35:50,False,<NULL>, 
909,160702162217,3008,7,Kit Calcinha Camiseta e Sapatilha,27.9,195.3,2016-07-02 17:36:10,False,<NULL>, 
910,160702162217,930,13,Kit Cueca e Camiseta,15.9,206.7,2016-07-02 17:37:21,False,<NULL>, 
911,160702162217,160,2,Toalha fralda c/ bico,13.5,27.0,2016-07-02 17:37:49,False,<NULL>, 
912,160702162217,150,3,Toalha fralda s/ bico,12.9,38.7,2016-07-02 17:38:00,False,<NULL>, 
913,160702162217,400,13,Kit camiseta 3 peças,23.0,299.0,2016-07-02 17:38:17,False,<NULL>, 
914,160702162217,1100,5,"Kit Vestido, Calcinha e Tiara",30.0,150.0,2016-07-02 17:38:47,False,<NULL>, 
915,160702162217,5033,1,Body com mijão,20.0,20.0,2016-07-02 17:39:36,False,<NULL>, 
916,160702162217,5136,2,Kit Vestido com shortinho,29.5,59.0,2016-07-02 17:41:05,False,<NULL>, 
918,160707551210,5117,3,Camiseta machão c/ short tec,23.0,69.0,2016-07-07 10:13:48,False,<NULL>, 
919,160707551210,2010,3,Kit camiseta c/manga short tecido,23.9,71.7,2016-07-07 10:14:25,False,<NULL>, 
920,160707551210,770,3,Kit calçinha malha c/ camiseta,15.0,45.0,2016-07-07 10:14:37,False,<NULL>, 
921,160707551210,1090,2,Kit calcinha c/ bico,27.6,55.2,2016-07-07 10:15:00,False,<NULL>, 
922,160707551210,400,4,Kit camiseta 3 peças,23.0,92.0,2016-07-07 10:15:12,False,<NULL>, 
923,160707551210,1100,2,"Kit Vestido, Calcinha e Tiara",30.0,60.0,2016-07-07 10:15:21,False,<NULL>, 
924,160707551210,2236,3,Bory Ind. c/Barra de Tecido,16.5,49.5,2016-07-07 10:15:43,False,<NULL>, 
925,160707551210,1200,3,Kit Calcinha de Malha 3 peças,17.9,53.7,2016-07-07 10:15:51,False,<NULL>, 
926,160707551210,940,3,Kit Cuecas c/ 03 peças,17.5,52.5,2016-07-07 10:16:00,False,<NULL>, 
927,160707551210,740,3,"Kit short, camiseta e Tiara",22.5,67.5,2016-07-07 10:16:09,False,<NULL>, 
928,160707551210,930,12,Kit Cueca e Camiseta,15.9,190.8,2016-07-07 10:16:59,False,<NULL>, 
929,160707551210,2222,2,Kit Boné tecido c/ cueca,16.9,33.8,2016-07-07 10:17:41,False,<NULL>, 
930,160707551210,5134,1,Jardineira com camiseta c/manga,31.9,31.9,2016-07-07 10:17:52,False,<NULL>, 
931,160707551210,700,1,Kit calcinha e camiseta,17.4,17.4,2016-07-07 10:17:59,False,<NULL>, 
932,160707551210,2235,10,Chapéu individual tecido,8.0,80.0,2016-07-07 10:21:51,False,<NULL>, 
933,160708005906,400,40,Kit camiseta 3 peças,23.0,920.0,2016-07-08 07:02:04,False,<NULL>, 
934,160708005906,1200,20,Kit Calcinha de Malha 3 peças,17.9,358.0,2016-07-08 07:02:19,False,<NULL>, 
935,160708005906,90,35,Sapato c/ luva,8.9,311.5,2016-07-08 07:02:28,False,<NULL>, 
936,160708005906,1190,18,Kit Body s/ manga c/ short,17.9,322.2,2016-07-08 07:02:52,False,<NULL>, 
937,160708005906,1180,8,Camisa Masc. Short tecido,26.25,210.0,2016-07-08 07:04:42,False,<NULL>, 
938,160708005906,2010,9,Kit camiseta c/manga short tecido,23.9,215.1,2016-07-08 07:05:04,False,<NULL>, 
939,160708030707,2301,6,Bata com Sapatilha,37.8,226.8,2016-07-08 07:08:58,False,<NULL>, 
940,160708030707,1080,15,Mijão individual,6.0,90.0,2016-07-08 07:09:11,False,<NULL>, 
942,160708030707,5137,10,Body manga longa c/ mijão,24.0,240.0,2016-07-08 07:12:08,False,<NULL>, 
943,160708030707,700,10,Kit calcinha e camiseta,17.4,174.0,2016-07-08 07:12:22,False,<NULL>, 
944,160708030707,1190,10,Kit Body s/ manga c/ short,17.9,179.0,2016-07-08 07:12:36,False,<NULL>, 
946,160708030707,2236,20,Bory Ind. c/Barra de Tecido,16.5,330.0,2016-07-08 07:14:05,False,<NULL>, 
947,160708030707,840,8,Manta bordada - simples,44.9,359.2,2016-07-08 07:14:28,False,<NULL>, 
948,160708030707,400,26,Kit camiseta 3 peças,23.0,598.0,2016-07-08 07:14:37,False,<NULL>, 
949,160708030707,1200,16,Kit Calcinha de Malha 3 peças,17.9,286.4,2016-07-08 07:14:51,False,<NULL>, 
950,160708030707,5134,6,Jardineira com camiseta c/manga,31.9,191.4,2016-07-08 07:15:02,False,<NULL>, 
951,160708030707,650,6,Kit Pagão Baby 02 peças,20.0,120.0,2016-07-08 07:15:16,False,<NULL>, 
952,160708030707,730,10,"Kit short, camiseta e boné",25.5,255.0,2016-07-08 07:15:25,False,<NULL>, 
953,160708030707,3008,6,Kit Calcinha Camiseta e Sapatilha,27.9,167.4,2016-07-08 07:15:41,False,<NULL>, 
954,160708030707,5116,8,Sapatilha c/ Tiara,15.0,120.0,2016-07-08 07:15:57,False,<NULL>, 
955,160708030707,500,10,Kit Cheirinho c/ 03 peças,19.5,195.0,2016-07-08 07:16:35,False,<NULL>, 
956,160708030707,350,10,Kit Cheirinho de malha c/ 03 peças,15.6,156.0,2016-07-08 07:16:42,False,<NULL>, 
957,160708030707,5118,10,Kit Cheirinho malha felpuce,16.0,160.0,2016-07-08 07:16:54,False,<NULL>, 
958,160708073316,2236,6,Bory Ind. c/Barra de Tecido,16.5,99.0,2016-07-08 16:33:35,False,<NULL>, 
959,160708073316,270,4,Toalha fralda capuz,15.5,62.0,2016-07-08 16:34:05,False,<NULL>, 
961,160708073316,1100,14,"Kit Vestido, Calcinha e Tiara",30.0,420.0,2016-07-08 16:35:50,False,<NULL>, 
962,160708073316,2301,4,Bata com Sapatilha,37.8,151.2,2016-07-08 16:36:28,False,<NULL>, 
963,160708073316,3007,6,"Kit Cueca, Camiseta, sapato tecido ",26.5,159.0,2016-07-08 16:37:24,False,<NULL>, 
964,160708073316,5045,16,Cueca com boné tecido,20.0,320.0,2016-07-08 16:39:47,False,<NULL>, 
965,160708073316,3008,17,Kit Calcinha Camiseta e Sapatilha,27.9,474.3,2016-07-08 16:41:54,False,<NULL>, 
966,160708073316,90,41,Sapato c/ luva,8.9,364.9,2016-07-08 16:42:50,False,<NULL>, 
967,160708073316,5116,10,Sapatilha c/ Tiara,15.0,150.0,2016-07-08 16:43:11,False,<NULL>, 
968,160715562613,500,14,Kit Cheirinho c/ 03 peças,19.5,273.0,2016-07-15 13:27:08,False,<NULL>, 
969,160715562613,5118,10,Kit Cheirinho malha felpuce,16.0,160.0,2016-07-15 13:27:24,False,<NULL>, 
970,160715562613,350,14,Kit Cheirinho de malha c/ 03 peças,15.6,218.4,2016-07-15 13:27:35,False,<NULL>, 
971,160715562613,1200,10,Kit Calcinha de Malha 3 peças,17.9,179.0,2016-07-15 13:27:45,False,<NULL>, 
972,160715562613,940,10,Kit Cuecas c/ 03 peças,17.5,175.0,2016-07-15 13:27:59,False,<NULL>, 
973,160715562613,770,06,Kit calçinha malha c/ camiseta,15.0,90.0,2016-07-15 13:29:17,False,<NULL>, 
974,160715562613,700,12,Kit calcinha e camiseta,17.4,208.8,2016-07-15 13:29:32,False,<NULL>, 
975,160715562613,3008,06,Kit Calcinha Camiseta e Sapatilha,27.9,167.4,2016-07-15 13:29:52,False,<NULL>, 
976,160715562613,400,10,Kit camiseta 3 peças,23.0,230.0,2016-07-15 13:30:01,False,<NULL>, 
977,160715562613,240,05,Kit Pano de xixi 02 peças (malha),26.0,130.0,2016-07-15 13:30:20,False,<NULL>, 
978,160715562613,300,06,Kit Fralda c/ 03 peças,21.0,126.0,2016-07-15 13:30:28,False,<NULL>, 
979,160715562613,90,26,Sapato c/ luva,8.9,231.4,2016-07-15 13:30:42,False,<NULL>, 
980,160729355712,500,14,Kit Cheirinho c/ 03 peças,19.5,273.0,2016-07-29 13:00:17,False,<NULL>, 
981,160729355712,350,14,Kit Cheirinho de malha c/ 03 peças,15.6,218.4,2016-07-29 13:00:55,False,<NULL>, 
982,160729355712,5118,10,Kit Cheirinho malha felpuce,16.0,160.0,2016-07-29 13:01:09,False,<NULL>, 
984,160729355712,400,14,Kit camiseta 3 peças,23.0,322.0,2016-07-29 13:02:13,False,<NULL>, 
985,160729355712,2000,30,Camiseta lisa,6.0,180.0,2016-07-29 13:02:31,False,<NULL>, 
986,160729355712,930,12,Kit Cueca e Camiseta,15.9,190.8,2016-07-29 13:02:39,False,<NULL>, 
987,160729355712,910,20,Shortinho individual ,6.9,138.0,2016-07-29 13:02:53,False,<NULL>, 
988,160729355712,300,04,Kit Fralda c/ 03 peças,21.0,84.0,2016-07-29 13:03:05,False,<NULL>, 
989,160729355712,90,50,Sapato c/ luva,8.9,445.0,2016-07-29 13:03:15,False,<NULL>, 
990,160729351113,500,10,Kit Cheirinho c/ 03 peças,19.5,195.0,2016-07-29 13:11:51,False,<NULL>, 
991,160729351113,350,10,Kit Cheirinho de malha c/ 03 peças,15.6,156.0,2016-07-29 13:11:59,False,<NULL>, 
992,160729351113,190,100,Luva individual ,3.0,300.0,2016-07-29 13:12:18,False,<NULL>, 
993,160729351113,910,70,Shortinho individual ,6.9,483.0,2016-07-29 13:12:43,False,<NULL>, 
994,160729351113,90,80,Sapato c/ luva,8.9,712.0,2016-07-29 13:13:05,False,<NULL>, 
995,160729351113,90,80,Sapato c/ luva,8.9,712.0,2016-07-29 13:13:35,False,<NULL>, 
996,160730434409,500,14,Kit Cheirinho c/ 03 peças,19.5,273.0,2016-07-30 09:44:53,False,<NULL>, 
997,160730434409,350,14,Kit Cheirinho de malha c/ 03 peças,15.6,218.4,2016-07-30 09:45:00,False,<NULL>, 
998,160730434409,5118,10,Kit Cheirinho malha felpuce,16.0,160.0,2016-07-30 09:45:09,False,<NULL>, 
999,160730434409,400,14,Kit camiseta 3 peças,23.0,322.0,2016-07-30 09:45:19,False,<NULL>, 
1000,160730434409,2000,30,Camiseta lisa,6.0,180.0,2016-07-30 09:45:27,False,<NULL>, 
1001,160730434409,930,12,Kit Cueca e Camiseta,15.9,190.8,2016-07-30 09:45:33,False,<NULL>, 
1002,160730434409,910,20,Shortinho individual ,6.9,138.0,2016-07-30 09:45:39,False,<NULL>, 
1003,160730434409,300,04,Kit Fralda c/ 03 peças,21.0,84.0,2016-07-30 09:46:04,False,<NULL>, 
1004,160730434409,90,50,Sapato c/ luva,8.9,445.0,2016-07-30 09:46:12,False,<NULL>, 
1024,160804064809,700,11,Kit calcinha e camiseta,17.922,197.12,2016-08-10 16:43:22,False,<NULL>, 
1025,160804064809,1100,7,"Kit Vestido, Calcinha e Tiara",30.9,216.3,2016-08-10 16:43:53,False,<NULL>, 
1026,160804064809,2216,3,Kit Body c/saia e Tiara,25.75,77.25,2016-08-10 16:44:47,False,<NULL>, 
1027,160804064809,650,10,Kit Pagão Baby 02 peças,20.6,206.0,2016-08-10 16:45:15,False,<NULL>, 
1028,160804064809,5134,2,Jardineira com camiseta c/manga,32.857,65.72,2016-08-10 16:45:35,False,<NULL>, 
1029,160804064809,3007,1,"Kit Cueca, Camiseta, sapato tecido ",27.295,27.3,2016-08-10 16:45:46,False,<NULL>, 
1030,160804064809,1170,3,Kit Bata c/ calcinha de malha,28.737,86.22,2016-08-10 16:46:05,False,<NULL>, 
1031,160804064809,5117,3,Camiseta machão c/ short tec,23.69,71.07,2016-08-10 16:46:56,False,<NULL>, 
1032,160804064809,2010,4,Kit camiseta c/manga short tecido,24.617,98.48,2016-08-10 16:47:17,False,<NULL>, 
1033,160804064809,2010,4,Kit camiseta c/manga short tecido,24.617,98.48,2016-08-10 16:48:24,False,<NULL>, 
1034,160804064809,5033,2,Body com mijão,20.6,41.2,2016-08-10 16:48:49,False,<NULL>, 
1035,160804064809,1190,4,Kit Body s/ manga c/ short,18.437,73.76,2016-08-10 16:49:12,False,<NULL>, 
1036,160804064809,5098,3,Body Manga longa ,18.54,55.62,2016-08-10 16:49:53,False,<NULL>, 
1043,160804064809,5140,2,vestidinho s/manga body e mijão,39.8,79.6,2016-08-10 16:54:31,False,<NULL>, 
1045,160804064809,740,6,"Kit short, camiseta e Tiara",23.175,139.08,2016-08-10 16:57:17,False,<NULL>, 
1048,160804064809,5143,9,Tapa fralda c/camiseta,27.4,246.6,2016-08-10 17:00:44,False,<NULL>, 
1049,160804064809,3004,2,Sapatilha de tecido,10.3,20.6,2016-08-10 17:01:12,False,<NULL>, 
1050,160804064809,5144,3,Tapa fralda c/ Body,30.4,91.2,2016-08-10 17:01:43,False,<NULL>, 
1051,160804064809,2236,12,Bory Ind. c/Barra de Tecido,16.995,204.0,2016-08-10 17:03:22,False,<NULL>, 
1052,160804064809,5116,3,Sapatilha c/ Tiara,15.45,46.35,2016-08-10 17:04:22,False,<NULL>, 
1055,160811525315,700,8,Kit calcinha e camiseta,17.922,143.36,2016-08-11 15:59:16,False,<NULL>, 
1056,160811525315,730,9,"Kit short, camiseta e boné",26.265,236.43,2016-08-11 15:59:53,False,<NULL>, 
1057,160811525315,1100,09,"Kit Vestido, Calcinha e Tiara",30.9,278.1,2016-08-11 16:00:11,False,<NULL>, 
1058,160811525315,2010,9,Kit camiseta c/manga short tecido,24.617,221.58,2016-08-11 16:00:35,False,<NULL>, 
1059,160811525315,1120,6,Kit Body Mijao Sapato com luva,25.75,154.5,2016-08-11 16:01:08,False,<NULL>, 
1060,160811525315,5114,8,body  c/ colete individual,22.66,181.28,2016-08-11 16:01:30,False,<NULL>, 
1063,160811525315,740,9,"Kit short, camiseta e Tiara",23.175,208.62,2016-08-11 16:04:14,False,<NULL>, 
1066,160811525315,5027,10,Cheirinho (Malha) com sapatinho e luva,20.6,206.0,2016-08-11 16:07:16,False,<NULL>, 
1067,160811525315,110,8,Kit Pagão completo ( conj. 03 peças e sapatinho ),30.9,247.2,2016-08-11 16:07:51,False,<NULL>, 
1068,160811525315,3006,8,Roupão Felpuce ,36.05,288.4,2016-08-11 16:08:14,False,<NULL>, 
1069,160811525315,1190,6,Kit Body s/ manga c/ short,18.437,110.64,2016-08-11 16:10:26,False,<NULL>, 
1070,160812515111,90,40,Sapato c/ luva,9.167,366.8,2016-08-12 11:52:01,False,<NULL>, 
1071,160812515111,350,12,Kit Cheirinho de malha c/ 03 peças,16.068,192.84,2016-08-12 11:52:11,False,<NULL>, 
1072,160812515111,5118,8,Kit Cheirinho malha felpuce,16.48,131.84,2016-08-12 11:52:26,False,<NULL>, 
1074,160812515111,5138,10,embalagem,2.472,24.7,2016-08-12 11:53:09,False,<NULL>, 
1075,160812083113,90,40,Sapato c/ luva,9.167,366.8,2016-08-12 13:31:15,False,<NULL>, 
1076,160812083113,350,12,Kit Cheirinho de malha c/ 03 peças,16.068,192.84,2016-08-12 13:31:23,False,<NULL>, 
1077,160812083113,5118,8,Kit Cheirinho malha felpuce,16.48,131.84,2016-08-12 13:31:47,False,<NULL>, 
1078,160812083113,5138,10,embalagem,2.472,24.7,2016-08-12 13:32:00,False,<NULL>, 
1079,160813381714,240,3,Kit Pano de xixi 02 peças (malha),26.78,80.34,2016-08-13 14:17:54,False,<NULL>, 
1080,160813381714,270,3,Toalha fralda capuz,15.965,47.88,2016-08-13 14:18:02,False,<NULL>, 
1081,160813381714,299,2,Kit Body c/colete e mijão ,25.75,51.5,2016-08-13 14:18:19,False,<NULL>, 
1082,160813381714,5137,2,Body manga longa c/ mijão,24.72,49.44,2016-08-13 14:18:44,False,<NULL>, 
1083,160813381714,1120,3,Kit Body Mijao Sapato com luva,25.75,77.25,2016-08-13 14:19:05,False,<NULL>, 
1084,160813381714,5139,3,vestidinho  c/manga tecido e mijão,30.797,92.4,2016-08-13 14:19:26,False,<NULL>, 
1085,160814265312,840,4,Manta bordada - simples,46.247,185.0,2016-08-14 12:53:35,False,<NULL>, 
1086,160814265312,90,20,Sapato c/ luva,9.167,183.4,2016-08-14 12:53:43,False,<NULL>, 
1087,160815040815,350,30,Kit Cheirinho de malha c/ 03 peças,16.068,482.1,2016-08-15 15:08:20,False,<NULL>, 
1088,160815040815,200,50,Pano de xixi individual,14.42,721.0,2016-08-15 15:08:31,False,<NULL>, 
1089,160815040815,400,56,Kit camiseta 3 peças,23.69,1326.64,2016-08-15 15:08:39,False,<NULL>, 
1090,160815040815,2000,51,Camiseta lisa,6.18,315.18,2016-08-15 15:08:50,False,<NULL>, 
1091,160815040815,700,16,Kit calcinha e camiseta,17.922,286.72,2016-08-15 15:08:57,False,<NULL>, 
1092,160815040815,3008,12,Kit Calcinha Camiseta e Sapatilha,28.737,344.88,2016-08-15 15:09:07,False,<NULL>, 
1093,160815040815,910,20,Shortinho individual ,7.107,142.2,2016-08-15 15:09:16,False,<NULL>, 
1095,160815040815,90,40,Sapato c/ luva,8.9,356.0,2016-08-15 15:18:40,False,<NULL>, 
1096,160815012215,400,22,Kit camiseta 3 peças,23.8861468227,525.58,2016-08-15 15:22:20,False,<NULL>, 
1097,160815012215,2000,84,Camiseta lisa,6.23116873634,523.32,2016-08-15 15:22:34,False,<NULL>, 
1098,160822262407,240,10,Kit Pano de xixi 02 peças (malha),27.0017311908,270.0,2016-08-22 07:24:38,False,<NULL>, 
1099,160822590811,1100,7,"Kit Vestido, Calcinha e Tiara",31.1558436817,218.12,2016-08-22 11:12:21,False,<NULL>, 
1100,160822590811,940,6,Kit Cuecas c/ 03 peças,18.1742421477,109.02,2016-08-22 11:12:40,False,<NULL>, 
1101,160822590811,930,5,Kit Cueca e Camiseta,16.5125971513,82.55,2016-08-22 11:13:14,False,<NULL>, 
1102,160822590811,3007,3,"Kit Cueca, Camiseta, sapato tecido ",27.5209952522,82.56,2016-08-22 11:13:25,False,<NULL>, 
1103,160822590811,1200,6,Kit Calcinha de Malha 3 peças,18.5896533968,111.54,2016-08-22 11:13:48,False,<NULL>, 
1104,160822590811,700,4,Kit calcinha e camiseta,18.0703893354,72.28,2016-08-22 11:14:16,False,<NULL>, 
1106,160822590811,1010,15,Calcinha com laço ,8.30822498179,124.65,2016-08-22 11:14:41,False,<NULL>, 
1107,160822590811,650,2,Kit Pagão Baby 02 peças,20.7705624545,41.54,2016-08-22 11:14:54,False,<NULL>, 
1109,160822590811,240,5,Kit Pano de xixi 02 peças (malha),27.0017311908,135.0,2016-08-22 11:15:32,False,<NULL>, 
1110,160822590811,3008,5,Kit Calcinha Camiseta e Sapatilha,28.974934624,144.85,2016-08-22 11:16:41,False,<NULL>, 
1111,160822590811,5139,5,vestidinho  c/manga tecido e mijão,31.0519908694,155.25,2016-08-22 11:17:10,False,<NULL>, 
1113,160822590811,5116,6,Sapatilha c/ Tiara,17.2,103.2,2016-08-22 11:19:16,False,<NULL>, 
1114,160822590811,3004,10,Sapatilha de tecido,13.2,132.0,2016-08-22 11:21:27,False,<NULL>, 
1115,160822590811,1170,2,Kit Bata c/ calcinha de malha,28.974934624,57.94,2016-08-22 11:22:05,False,<NULL>, 
1116,160822590811,2301,3,Bata com Sapatilha,39.256363039,117.78,2016-08-22 11:22:12,False,<NULL>, 
1117,160822590811,90,8,Sapato c/ luva,8.9,71.2,2016-08-22 11:22:59,False,<NULL>, 
1118,160822590811,330,2,Pano de prato 03 peças ,13.5008655954,27.0,2016-08-22 11:23:35,False,<NULL>, 
1119,160822590811,300,4,Kit Fralda c/ 03 peças,21.8090905772,87.24,2016-08-22 11:23:56,False,<NULL>, 
1120,160822590811,270,7,Toalha fralda capuz,16.0971859022,112.7,2016-08-22 11:24:51,False,<NULL>, 
1121,160822590811,3006,3,Roupão Felpuce ,36.3484842953,109.05,2016-08-22 11:25:04,False,<NULL>, 
1122,160822590811,1190,9,Kit Body s/ manga c/ short,18.5896533968,167.31,2016-08-22 11:25:53,False,<NULL>, 
1124,160822590811,5137,3,Body manga longa c/ mijão,24.9246749454,74.76,2016-08-22 11:27:58,False,<NULL>, 
1125,160822590811,5033,6,Body com mijão,20.7705624545,124.62,2016-08-22 11:28:29,False,<NULL>, 
1126,160822590811,350,9,Kit Cheirinho de malha c/ 03 peças,16.2010387145,145.8,2016-08-22 11:29:49,False,<NULL>, 
1127,160822590811,500,13,Kit Cheirinho c/ 03 peças,20.2512983931,263.25,2016-08-22 11:30:21,False,<NULL>, 
1128,160822590811,5118,4,Kit Cheirinho malha felpuce,16.6164499636,66.48,2016-08-22 11:30:56,False,<NULL>, 
1129,160822590811,2010,1,Kit camiseta c/manga short tecido,24.8208221331,24.82,2016-08-22 11:32:29,False,<NULL>, 
1131,160822590811,5143,4,Tapa fralda c/camiseta,27.6268646239,110.52,2016-08-22 11:34:59,False,<NULL>, 
1132,160822590811,5117,7,Camiseta machão c/ short tec,23.8861468227,167.23,2016-08-22 11:35:13,False,<NULL>, 
1133,160822590811,5146,5,Tapa fralda com body,31.4,157.0,2016-08-22 11:36:01,False,<NULL>, 
1134,160822590811,5138,10,embalagem,2.3,23.0,2016-08-22 11:40:26,False,<NULL>, 
1135,160822590811,5124,10,embalagem unica,2.5,25.0,2016-08-22 11:40:46,False,<NULL>, 
1136,160822590811,2010,3,Kit camiseta c/manga short tecido,24.8208221331,74.46,2016-08-22 11:41:29,False,<NULL>, 
1137,160822590811,840,1,Manta bordada - simples,46.6299127103,46.63,2016-08-22 11:41:55,False,<NULL>, 
1138,160822590811,5139,1,vestidinho  c/manga tecido e mijão,31.0519908694,31.05,2016-08-22 11:42:06,False,<NULL>, 
1139,160822254312,90,2,Sapato c/ luva,8.9,17.8,2016-08-22 12:43:29,False,<NULL>, 
1141,160822344715,700,8,Kit calcinha e camiseta,18.0703893354,144.56,2016-08-22 15:47:45,False,<NULL>, 
1142,160822344715,730,9,"Kit short, camiseta e boné",26.4824671295,238.32,2016-08-22 15:47:54,False,<NULL>, 
1143,160822344715,1100,9,"Kit Vestido, Calcinha e Tiara",31.1558436817,280.44,2016-08-22 15:48:02,False,<NULL>, 
1144,160822344715,2010,9,Kit camiseta c/manga short tecido,24.8208221331,223.38,2016-08-22 15:48:12,False,<NULL>, 
1145,160822344715,1120,6,Kit Body Mijao Sapato com luva,25.9632030681,155.76,2016-08-22 15:48:28,False,<NULL>, 
1146,160822344715,5114,8,body  c/ colete individual,22.8476186999,182.8,2016-08-22 15:48:38,False,<NULL>, 
1147,160822344715,740,9,"Kit short, camiseta e Tiara",23.3668827613,210.33,2016-08-22 15:48:45,False,<NULL>, 
1148,160822344715,5027,10,Cheirinho (Malha) com sapatinho e luva,20.7705624545,207.7,2016-08-22 15:48:55,False,<NULL>, 
1149,160822344715,110,8,Kit Pagão completo ( conj. 03 peças e sapatinho ),31.1558436817,249.28,2016-08-22 15:49:02,False,<NULL>, 
1150,160822344715,1190,6,Kit Body s/ manga c/ short,18.5896533968,111.54,2016-08-22 15:49:15,False,<NULL>, 
1151,160822254312,90,2,Sapato c/ luva,8.9,17.8,2016-08-22 16:12:44,False,<NULL>, 
1153,160829153016,5140,3,vestidinho s/manga body e mijão,40.1295332858,120.39,2016-08-29 16:31:29,False,<NULL>, 
1154,160829153016,5139,7,vestidinho  c/manga tecido e mijão,31.0519908694,217.35,2016-08-29 16:32:14,False,<NULL>, 
1155,160829153016,3004,1,Sapatilha de tecido,13.2,13.2,2016-08-29 16:32:49,False,<NULL>, 
1156,160829153016,5143,6,Tapa fralda c/camiseta,27.6268646239,165.78,2016-08-29 16:33:50,False,<NULL>, 
1157,160829153016,5146,2,Tapa fralda com body,31.4,62.8,2016-08-29 16:34:10,True,2016-08-30 23:21:13.731000, 
1158,160829153016,840,1,Manta bordada - simples,46.6299127103,46.63,2016-08-29 16:34:27,True,2016-08-30 23:21:12.015000, 
1159,160829153016,630,1,Kit Pagão 03 peças ,20.7705624545,20.77,2016-08-29 16:34:43,False,<NULL>, 
1160,160829153016,830,1,Manta bordada - anarruga ,61.7924233021,61.79,2016-08-29 16:35:31,False,<NULL>, 
1162,160829153016,2237,3,Bone de malha,8.30822498179,24.93,2016-08-29 16:37:22,False,<NULL>, 
1164,160829153016,2235,9,Chapéu individual tecido,8.30822498179,74.79,2016-08-29 16:38:05,False,<NULL>, 
1165,160829153016,310,4,Roupão de felpa ,33.7521639885,135.0,2016-08-29 16:38:27,False,<NULL>, 
1166,160829153016,90,9,Sapato c/ luva,8.9,80.1,2016-08-29 16:38:47,False,<NULL>, 
1167,160829153016,5095,3,KIT Boné com sapato de tecido ,33.9598696131,101.88,2016-08-29 16:39:14,False,<NULL>, 
1170,160831443917,1080,6,Mijão individual,7.25961406176,43.56,2016-08-31 17:40:49,False,<NULL>, 
1171,160831443917,90,2,Sapato c/ luva,9.2,18.4,2016-08-31 17:41:11,False,<NULL>, 
1172,160831443917,5063,1,Toalha capuz de Felpa,20.7705624545,20.77,2016-08-31 17:41:59,False,<NULL>, 
1173,160831443917,240,3,Kit Pano de xixi 02 peças (malha),27.0017311908,81.0,2016-08-31 17:42:09,False,<NULL>, 
1174,160831443917,110,1,Kit Pagão completo ( conj. 03 peças e sapatinho ),35.5,35.5,2016-08-31 17:42:36,False,<NULL>, 
1175,160831443917,5145,1,cheirinho fralda indiv.,7.25961406176,7.26,2016-08-31 17:42:54,False,<NULL>, 
1176,160831443917,5123,1,Fralda com barra,7.26969685907,7.27,2016-08-31 17:43:04,False,<NULL>, 
1177,160831443917,840,1,Manta bordada - simples,46.6299127103,46.63,2016-08-31 17:43:23,False,<NULL>, 
1178,160831443917,200,1,Pano de xixi individual,14.5393937181,14.54,2016-08-31 17:44:20,False,<NULL>, 
1179,160905040018,2010,7,Kit camiseta c/manga short tecido,24.8208221331,173.74,2016-09-05 18:00:21,False,<NULL>, 
1180,160905040018,910,5,Shortinho individual,6.9,34.5,2016-09-05 18:00:35,False,<NULL>, 
1181,160905040018,400,3,Kit camiseta 3 peças,23.8861468227,71.67,2016-09-05 18:00:46,False,<NULL>, 
1182,160905040018,1100,3,"Kit Vestido, Calcinha e Tiara",33.4,100.2,2016-09-05 18:00:55,False,<NULL>, 
1183,160905040018,240,1,Kit Pano de xixi 02 peças (malha),27.0017311908,27.0,2016-09-05 18:01:01,False,<NULL>, 
1184,160905040018,310,2,Roupão de felpa ,33.7521639885,67.5,2016-09-05 18:01:06,False,<NULL>, 
1185,160905040018,700,6,Kit calcinha e camiseta,18.0703893354,108.42,2016-09-05 18:01:14,False,<NULL>, 
1186,160905040018,110,3,Kit Pagão completo ( conj. 03 peças e sapatinho ),35.5,106.5,2016-09-05 18:01:21,False,<NULL>, 
1187,160905040018,1200,3,Kit Calcinha de Malha 3 peças,18.5896533968,55.77,2016-09-05 18:01:27,False,<NULL>, 
1188,160905040018,1170,4,Kit Bata c/ calcinha de malha,28.974934624,115.88,2016-09-05 18:01:33,False,<NULL>, 
1191,160905330518,90,10,Sapato c/ luva,9.2,92.0,2016-09-06 14:16:10,False,<NULL>, 
1192,160905330518,5141,6,camiseta com manga ind,13.6117763658,81.66,2016-09-06 14:16:58,False,<NULL>, 
1194,160905330518,110,2,Kit Pagão completo ( conj. 03 peças e sapatinho ),35.5,71.0,2016-09-06 14:21:34,False,<NULL>, 
1195,160905330518,5148,7,casaquinho bb,13.4,93.8,2016-09-06 14:25:17,False,<NULL>, 
1196,160906243514,140,2,Toalha de Capuz,25.9632030681,51.92,2016-09-06 18:34:46,False,<NULL>, 
1197,160906243514,640,2,Kit Berço c/ fronha (malha),32.7136358658,65.42,2016-09-06 18:35:02,False,<NULL>, 
1198,160906243514,330,2,Pano de prato 03 peças ,13.5008655954,27.0,2016-09-06 18:35:38,False,<NULL>, 
1199,160906243514,300,1,Kit Fralda c/ 03 peças,21.8090905772,21.81,2016-09-06 18:36:10,False,<NULL>, 
1200,160906243514,5131,3,Fralda com barra individual,8.30822498179,24.93,2016-09-06 18:36:42,False,<NULL>, 
1201,160906243514,130,1,Manta c/ Bico largo,69.5,69.5,2016-09-06 18:36:59,False,<NULL>, 
1202,160906243514,830,1,Manta bordada - anarruga ,61.7924233021,61.79,2016-09-06 18:37:05,False,<NULL>, 
1203,160906243514,270,1,Toalha fralda capuz,16.0971859022,16.1,2016-09-06 18:37:16,False,<NULL>, 
1204,160906243514,150,2,Toalha fralda s/ bico,13.3970127831,26.8,2016-09-06 18:37:25,False,<NULL>, 
1205,160906243514,3006,3,Roupão Felpuce ,36.3484842953,109.05,2016-09-06 18:37:47,False,<NULL>, 
1206,160906243514,310,6,Roupão de felpa ,33.7521639885,202.5,2016-09-06 18:38:05,False,<NULL>, 
1207,160906243514,160,1,Toalha fralda c/ bico,14.0201296568,14.02,2016-09-06 18:38:25,False,<NULL>, 
1208,160906243514,1000,6,Cobertor Flanela,15.5779218409,93.48,2016-09-06 18:38:40,False,<NULL>, 
1209,160906243514,240,1,Kit Pano de xixi 02 peças (malha),27.0017311908,27.0,2016-09-06 18:39:08,False,<NULL>, 
1210,160906243514,299,2,Kit Body c/colete e mijão ,25.9632030681,51.92,2016-09-06 18:39:18,False,<NULL>, 
1211,160906243514,5134,5,Jardineira com camiseta c/manga,33.1290471149,165.65,2016-09-06 18:39:45,False,<NULL>, 
1212,160906243514,650,5,Kit Pagão Baby 02 peças,20.7705624545,103.85,2016-09-06 18:40:13,False,<NULL>, 
1213,160906243514,3008,4,Kit Calcinha Camiseta e Sapatilha,28.974934624,115.88,2016-09-06 18:40:26,False,<NULL>, 
1214,160906243514,3007,2,"Kit Cueca, Camiseta, sapato tecido ",27.5209952522,55.04,2016-09-06 18:40:43,False,<NULL>, 
1215,160906243514,1090,8,Kit calcinha c/ bico,28.6633761872,229.28,2016-09-06 18:41:06,False,<NULL>, 
1216,160906243514,500,10,Kit Cheirinho c/ 03 peças,20.2512983931,202.5,2016-09-06 18:41:25,False,<NULL>, 
1217,160906243514,5118,4,Kit Cheirinho malha felpuce,16.6164499636,66.48,2016-09-06 18:41:42,False,<NULL>, 
1218,160906243514,350,3,Kit Cheirinho de malha c/ 03 peças,16.2010387145,48.6,2016-09-06 18:41:59,False,<NULL>, 
1219,160906243514,770,4,Kit calçinha malha c/ camiseta,15.5779218409,62.32,2016-09-06 18:42:17,False,<NULL>, 
1220,160906243514,930,4,Kit Cueca e Camiseta,16.5125971513,66.04,2016-09-06 18:42:27,False,<NULL>, 
1221,160906243514,1200,8,Kit Calcinha de Malha 3 peças,18.5896533968,148.72,2016-09-06 18:42:44,False,<NULL>, 
1222,160906243514,200,4,Pano de xixi individual,14.5393937181,58.16,2016-09-06 18:43:20,False,<NULL>, 
1223,160906243514,2236,4,Bory Ind. c/Barra de Tecido,17.1357140249,68.56,2016-09-06 18:43:40,False,<NULL>, 
1224,160906243514,940,5,Kit Cuecas c/ 03 peças,18.1742421477,90.85,2016-09-06 18:43:55,False,<NULL>, 
1225,160906243514,400,22,Kit camiseta 3 peças,23.8861468227,525.58,2016-09-06 18:44:34,False,<NULL>, 
1226,160906243514,90,40,Sapato c/ luva,9.2,368.0,2016-09-06 18:45:20,False,<NULL>, 
1227,160906243514,110,4,Kit Pagão completo ( conj. 03 peças e sapatinho ),35.5,142.0,2016-09-06 18:45:42,False,<NULL>, 
1228,160906243514,5139,4,vestidinho  c/manga tecido e mijão,31.0519908694,124.2,2016-09-06 18:46:21,False,<NULL>, 
1229,160906243514,3004,3,Sapatilha de tecido,13.9,41.7,2016-09-06 18:46:42,False,<NULL>, 
1230,160906243514,90,1,Sapato c/ luva,9.2,9.2,2016-09-06 18:46:58,False,<NULL>, 
1231,160906243514,2301,2,Bata com Sapatilha,39.256363039,78.52,2016-09-06 18:48:10,False,<NULL>, 
1232,160906243514,5144,3,Tapa fralda c/ Body,30.6517038163,91.95,2016-09-06 18:48:31,False,<NULL>, 
1233,160906243514,5143,3,Tapa fralda c/camiseta,27.6268646239,82.89,2016-09-06 18:48:50,False,<NULL>, 
1234,160906243514,3004,1,Sapatilha de tecido,13.9,13.9,2016-09-06 18:49:03,False,<NULL>, 
1235,160906243514,3002,3,"Kit c/ 4 peças (Toalha Fralda , camiseta, cheirinho, toalhinha)",44.5528564649,133.65,2016-09-06 18:49:53,False,<NULL>, 
1236,160906243514,200,1,Pano de xixi individual,14.5393937181,14.54,2016-09-06 18:50:42,False,<NULL>, 
1237,160906243514,120,1,"Kit Fralda, camiseta e cheirinho ",25.9632030681,25.96,2016-09-06 18:51:08,False,<NULL>, 
1242,160909414709,5143,4,Tapa fralda c/camiseta,27.6268646239,110.52,2016-09-09 09:58:08,False,<NULL>, 
1243,160909414709,310,5,Roupão de felpa,35.9,179.5,2016-09-09 09:58:31,False,<NULL>, 
1244,160909414709,910,2,Shortinho individual,6.9,13.8,2016-09-09 09:59:15,False,<NULL>, 
1245,160909414709,5117,2,Camiseta machão c/ short tec,23.0,46.0,2016-09-09 10:17:56,False,<NULL>, 
1246,160909414709,5149,3,Kit Shortinho e camiseta com manga,30.93,92.79,2016-09-09 10:18:23,False,<NULL>, 
1248,160909570617,5063,2,Toalha capuz de Felpa,20.7705624545,41.54,2016-09-09 17:09:48,False,<NULL>, 
1249,160909570617,270,4,Toalha fralda capuz,16.0971859022,64.4,2016-09-09 17:10:39,False,<NULL>, 
1250,160909570617,1110,2,Lençol de elástico c/ barra e fronha,41.541124909,83.08,2016-09-09 17:11:08,False,<NULL>, 
1251,160909570617,1000,2,Cobertor Flanela,15.5779218409,31.16,2016-09-09 17:11:24,False,<NULL>, 
1252,160909570617,1100,3,"Kit Vestido, Calcinha e Tiara",33.4,100.2,2016-09-09 17:11:50,False,<NULL>, 
1253,160909570617,1140,2,Blusa s/manga c/short,18.1742421477,36.34,2016-09-09 17:12:34,False,<NULL>, 
1254,160909570617,1200,6,Kit Calcinha de Malha 3 peças,18.5896533968,111.54,2016-09-09 17:12:58,False,<NULL>, 
1255,160909570617,2301,1,Bata com Sapatilha,39.256363039,39.26,2016-09-09 17:13:50,False,<NULL>, 
1256,160909570617,1170,2,Kit Bata c/ calcinha de malha,28.974934624,57.94,2016-09-09 17:14:04,False,<NULL>, 
1257,160909570617,700,3,Kit calcinha e camiseta,18.0703893354,54.21,2016-09-09 17:14:40,False,<NULL>, 
1258,160909570617,1120,4,Kit Body Mijao Sapato com luva,25.9632030681,103.84,2016-09-09 17:15:17,False,<NULL>, 
1259,160909570617,3008,1,Kit Calcinha Camiseta e Sapatilha,28.974934624,28.97,2016-09-09 17:15:35,False,<NULL>, 
1260,160909570617,3007,1,"Kit Cueca, Camiseta, sapato tecido ",27.5209952522,27.52,2016-09-09 17:16:00,False,<NULL>, 
1261,160909570617,5139,3,vestidinho  c/manga tecido e mijão,31.0519908694,93.15,2016-09-09 17:17:00,False,<NULL>, 
1262,160909570617,1090,1,Kit calcinha c/ bico,28.6633761872,28.66,2016-09-09 17:17:44,False,<NULL>, 
1263,160909570617,2236,6,Bory Ind. c/Barra de Tecido,17.1357140249,102.84,2016-09-09 17:18:12,False,<NULL>, 
1264,160909570617,1210,3,Camiseta manga longa c/ mijão,17.551125274,52.65,2016-09-09 17:18:38,False,<NULL>, 
1265,160909570617,299,4,Kit Body c/colete e mijão ,25.9632030681,103.84,2016-09-09 17:19:13,False,<NULL>, 
1266,160909570617,5122,2,Pijamas estampados,19.7320343318,39.46,2016-09-09 17:19:58,False,<NULL>, 
1267,160909570617,110,2,Kit Pagão completo ( conj. 03 peças e sapatinho ),35.5,71.0,2016-09-09 17:20:29,False,<NULL>, 
1268,160909570617,300,2,Kit Fralda c/ 03 peças,21.8090905772,43.62,2016-09-09 17:20:58,False,<NULL>, 
1269,160909570617,240,2,Kit Pano de xixi 02 peças (malha),27.0017311908,54.0,2016-09-09 17:21:22,False,<NULL>, 
1270,160909570617,170,2,Kit Pano de xixi 03 peças,43.6181811544,87.24,2016-09-09 17:21:39,False,<NULL>, 
1271,160909570617,350,2,Kit Cheirinho de malha c/ 03 peças,16.2010387145,32.4,2016-09-09 17:22:08,False,<NULL>, 
1272,160909570617,500,2,Kit Cheirinho c/ 03 peças,20.2512983931,40.5,2016-09-09 17:22:18,False,<NULL>, 
1273,160909570617,5134,3,Jardineira com camiseta c/manga,33.1290471149,99.39,2016-09-09 17:22:48,False,<NULL>, 
1274,160909570617,2010,8,Kit camiseta e short tecido,29.9,239.2,2016-09-09 17:24:00,False,<NULL>, 
1276,160909570617,5136,2,Kit Vestido com shortinho,23.9,47.8,2016-09-09 17:26:12,False,<NULL>, 
1277,160909570617,650,2,Kit Pagão Baby 02 peças,20.7705624545,41.54,2016-09-09 17:26:32,False,<NULL>, 
1278,160909570617,5143,2,Tapa fralda c/camiseta,27.6268646239,55.26,2016-09-09 17:27:11,False,<NULL>, 
1279,160909570617,2219,6,Shortinho de tecido,16.5,99.0,2016-09-09 17:51:04,False,<NULL>, 
1280,160909570617,910,30,Shortinho individual,6.9,207.0,2016-09-09 17:51:52,False,<NULL>, 
1281,160909570617,120,2,"Kit Fralda, camiseta e cheirinho ",25.9632030681,51.92,2016-09-09 17:52:26,False,<NULL>, 
1282,160909570617,930,3,Kit Cueca e Camiseta,16.5125971513,49.53,2016-09-09 17:52:54,False,<NULL>, 
1283,160909570617,5033,2,Body com mijão,20.7705624545,41.54,2016-09-09 17:53:21,False,<NULL>, 
1284,160909570617,5133,51,Camiseta individual,7.78896092043,397.29,2016-09-09 17:54:41,False,<NULL>, 
1286,160909570617,5147,2,Boné com sapato tecido,23.5,47.0,2016-09-09 17:57:54,False,<NULL>, 
1287,160926434910,770,15,Kit calçinha malha c/ camiseta,15.5779218409,233.7,2016-09-26 10:51:00,False,<NULL>, 
1288,160926434910,930,15,Kit Cueca e Camiseta,16.5125971513,247.65,2016-09-26 10:51:16,False,<NULL>, 
1289,160926434910,90,54,Sapato c/ luva,9.2,496.8,2016-09-26 10:52:10,False,<NULL>, 
1291,160927581709,5118,17,Kit Cheirinho malha felpuce,15.7856274654,268.43,2016-09-27 09:40:47,False,<NULL>, 
1293,160927581709,500,17,Kit Cheirinho c/ 03 peças,19.5,331.5,2016-09-27 09:42:53,False,<NULL>, 
1294,160927581709,1010,12,Calcinha com laço ,7.8928137327,94.68,2016-09-27 09:43:20,False,<NULL>, 
1295,160927581709,1200,6,Kit Calcinha de Malha 3 peças,17.6601707269,105.96,2016-09-27 09:43:37,False,<NULL>, 
1296,160927581709,700,18,Kit calcinha e camiseta,17.1668698686,309.06,2016-09-27 09:44:10,False,<NULL>, 
1297,160927581709,3008,18,Kit Calcinha Camiseta e Sapatilha,27.5261878928,495.54,2016-09-27 09:46:41,False,<NULL>, 
1298,160927581709,2000,40,Camiseta lisa,6.0,240.0,2016-09-27 09:47:26,False,<NULL>, 
1299,160927581709,400,20,Kit camiseta 3 peças,23.0,460.0,2016-09-27 09:48:45,False,<NULL>, 
1300,160927581709,930,8,Kit Cueca e Camiseta,15.9,127.2,2016-09-27 09:49:08,False,<NULL>, 
1301,160927581709,910,25,Shortinho individual,6.6,165.0,2016-09-27 09:49:28,False,<NULL>, 
1302,160927581709,90,90,Sapato c/ luva,8.9,801.0,2016-09-27 09:49:56,False,<NULL>, 
